分组,队伍,号码,姓名,英文名,位置,出生日期,7m球员ID,备注
A,南非,2,马图卢迪,Tholo Thabang Matuludi,后卫,1999-1-14,,
A,南非,3,恩达马内,Khulumani Ndamane,后卫,2004-2-5,,
A,南非,6,奥布雷·莫迪巴,Aubrey Modiba,后卫,1995-7-22,,
A,南非,14,姆贝克齐莱,Mbekezeli Mbokazi,后卫,2005-9-19,,
A,南非,18,萨穆克洛·卡比尼,Samukele Kabini,后卫,2004-3-15,,
A,南非,19,恩科西那提·西比斯,Nkosinathi Sibisi,后卫,1995-9-22,,
A,南非,20,穆达乌,Khuliso Johnson Mudau,后卫,1995-4-26,,
A,南非,21,奥康,Ime Okon,后卫,2004-2-20,,
A,南非,24,奥尔韦图·马汉亚,Olwethu Makhanya,后卫,2004-4-30,,
A,南非,26,布拉德利·克罗斯,Bradley Cross,后卫,2001-1-30,,
A,南非,4,泰博霍·莫科纳,Teboho Mokoena,中场,1997-1-24,,
A,南非,5,姆巴塔,Thalente Mbatha,中场,2000-3-6,,
A,南非,11,兹瓦内,Themba Zwane,中场,1989-8-3,,
A,南非,13,西索尔,Yaya Sithole,中场,1999-3-3,,
A,南非,23,杰登·亚当斯,Jayden Adams,中场,2001-5-5,,
A,南非,7,奥斯维恩·阿波里斯,Oswin Reagan Appollis,前锋,2001-8-25,,
A,南非,8,莫雷米,Tshepang Moremi,前锋,2000-10-2,,
A,南非,9,莱尔·福斯特,Lyle Foster,前锋,2000-9-3,,
A,南非,10,雷勒博希勒·莫佛肯,Relebohile Mofokeng,前锋,2004-10-23,,
A,南非,12,塔佩洛·马塞科,Thapelo Maseko,前锋,2003-11-11,,
A,南非,15,雷内尔斯,Iqraam Rayners,前锋,1995-12-19,,
A,南非,17,伊维登斯·马克戈帕,Evidence Makgopa,前锋,2000-6-5,,
A,南非,25,塞贝勒贝莱,Kamogelo Sebelebele,前锋,2002-7-21,,
A,南非,1,隆文·威廉姆斯,Ronwen Williams,守门员,1992-1-21,,
A,南非,16,西波·钱恩,Sipho Chaine,守门员,1996-12-14,,
A,南非,22,里卡多·戈斯,Ricardo Goss,守门员,1994-4-2,,
A,墨西哥,2,豪尔赫·桑切斯,Jorge Eduardo Sanchez Ramos,后卫,1997-12-10,,
A,墨西哥,3,塞萨尔·蒙特斯,Cesar Jasib Montes Castro,后卫,1997-2-24,,
A,墨西哥,5,巴斯克斯,Johan Felipe Vasquez Ibarra,后卫,1998-10-22,,
A,墨西哥,15,伊斯雷尔·雷耶斯,Israel Reyes Romero,后卫,2000-5-23,,
A,墨西哥,20,马泰奥·查韦斯,Mateo Chavez,后卫,2004-5-12,,
A,墨西哥,23,赫苏斯·加利亚多,Jesus Daniel Gallardo Vasconcelos,后卫,1994-8-15,,
A,墨西哥,4,埃德森·阿尔瓦雷斯,Edson Omar Alvarez Velazquez,中场,1997-10-24,,
A,墨西哥,6,埃里克·利拉,Erik Antonio Lira Mendez,中场,2000-5-8,,
A,墨西哥,7,路易斯·罗莫,Luis Francisco Romo Barron,中场,1995-6-5,,
A,墨西哥,8,阿尔瓦罗·菲达尔戈,Alvaro Fidalgo Fernandez,中场,1997-4-9,,
A,墨西哥,17,皮内达,Orbelin Pineda Alvarado,中场,1996-3-24,,
A,墨西哥,18,奥贝德·巴尔加斯,Obed Vargas,中场,2005-8-5,,
A,墨西哥,19,吉尔伯托·莫拉,Gilberto Mora,中场,2008-10-14,,
A,墨西哥,24,路易斯·查韦斯,Luis Gerardo Chavez Magallon,中场,1996-1-15,,
A,墨西哥,26,布莱恩·古铁雷斯,Brian Gutierrez,中场,2003-6-17,,
A,墨西哥,9,劳尔·希门尼斯,Raul Alonso Jimenez Rodriguez,前锋,1991-5-5,,
A,墨西哥,10,亚历克西斯·维加,Ernesto Alexis Vega Rojas,前锋,1997-11-25,,
A,墨西哥,11,圣地亚哥·希门尼斯,Santiago Gimenez,前锋,2001-4-18,,
A,墨西哥,14,阿曼多·冈萨雷斯,Armando Gonzalez Alba,前锋,2003-4-20,,
A,墨西哥,16,胡利安·基尼奥内斯,Julian Andres Quinones,前锋,1997-3-24,,
A,墨西哥,21,塞萨尔·韦尔塔,Cesar Saul Huerta Valera,前锋,2000-12-3,,
A,墨西哥,22,吉列尔莫·马丁内斯,Guillermo Martinez Ayala,前锋,1995-3-15,,
A,墨西哥,25,罗伯托·阿尔瓦拉多,Roberto Carlos Alvarado Hernandez,前锋,1998-9-7,,
A,墨西哥,1,何塞·兰赫尔,Jose Raul Rangel Aguilar,守门员,2000-2-25,,
A,墨西哥,12,卡洛斯·阿塞维多,Carlos Acevedo Lopez,守门员,1996-4-19,,
A,墨西哥,13,吉列尔莫·奥乔亚,Francisco Guillermo Ochoa Magana,守门员,1985-7-13,,
A,捷克,2,大卫·兹马,David Zima,后卫,2000-11-8,,
A,捷克,3,托马斯·霍莱什,Tomas Holes,后卫,1993-3-31,,
A,捷克,4,罗宾·赫拉纳克,Robin Hranac,后卫,2000-1-29,,
A,捷克,5,曹法尔,Vladimir Coufal,后卫,1992-8-22,,
A,捷克,6,斯捷潘·查卢佩克,Stepan Chaloupek,后卫,2003-3-8,,
A,捷克,7,拉吉斯拉夫·克雷伊奇,Ladislav Krejci,后卫,1999-4-20,,
A,捷克,14,大卫·尤拉塞克,David Jurasek,后卫,2000-8-7,,
A,捷克,20,雅罗斯拉夫·泽勒尼,Jaroslav Zeleny,后卫,1992-8-20,,
A,捷克,8,达里达,Vladimir Darida,中场,1990-8-8,,
A,捷克,12,卢卡斯·切尔夫,Lukas Cerv,中场,2001-4-10,,
A,捷克,15,帕威尔·苏尔克,Pavel Sulc,中场,2000-12-29,,
A,捷克,17,卢卡斯·普罗沃德,Lukas Provod,中场,1996-10-23,,
A,捷克,18,萨迪莱克,Michal Sadilek,中场,1999-5-31,,
A,捷克,21,大卫·杜德拉,David Doudera,中场,1998-5-31,,
A,捷克,22,绍切克,Tomas Soucek,中场,1995-2-27,,
A,捷克,24,亚历山大·索伊卡,Alexandr Sojka,中场,2003-4-2,,
A,捷克,25,雨果·索丘雷克,Hugo Sochurek,中场,2008-6-7,,
A,捷克,26,丹尼斯·维辛斯基,Denis Visinsky,中场,2003-3-21,,
A,捷克,9,亚当·赫洛泽克,Adam Hlozek,前锋,2002-7-25,,
A,捷克,10,希克,Patrik Schick,前锋,1996-1-24,,
A,捷克,11,扬·库赫塔,Jan Kuchta,前锋,1997-1-8,,
A,捷克,13,莫伊米尔·希蒂尔,Mojmir Chytil,前锋,1999-4-29,,
A,捷克,19,托马斯·乔里,Tomas Chory,前锋,1995-1-26,,
A,捷克,1,科瓦日,Matej Kovar,守门员,2000-5-17,,
A,捷克,16,斯塔内克,Jindrich Stanek,守门员,1996-4-27,,
A,捷克,23,卢卡斯·霍尼塞克,Lukas Hornicek,守门员,2002-7-13,,
A,韩国,2,李韩汎,Lee Han Beom,后卫,2002-6-17,,
A,韩国,3,李基赫,Lee Gi Hyuk,后卫,2000-7-7,,
A,韩国,4,金玟哉,Kim Min Jae,后卫,1996-11-15,,
A,韩国,5,金泰贤,Kim Tae Hyeon,后卫,2000-9-17,,
A,韩国,13,李太锡,Lee Tae Seok,后卫,2002-7-28,,
A,韩国,14,赵伟济,Cho Wi Je,后卫,2001-8-25,,
A,韩国,22,薛英佑,Seol Young Woo,后卫,1998-12-5,,
A,韩国,6,黄仁范,Hwang In Bum,中场,1996-9-20,,
A,韩国,8,白昇浩,Paik Seung Ho,中场,1997-3-17,,
A,韩国,10,李在城,Lee Jae Sung,中场,1992-8-10,,
A,韩国,15,金纹奂,Kim Moon Hwan,中场,1995-8-1,,
A,韩国,16,朴镇燮,Park Jin Seop,中场,1995-10-23,,
A,韩国,17,裴峻浩,Bae Jun Ho,中场,2003-8-21,,
A,韩国,19,李刚仁,Lee Kang In,中场,2001-2-19,,
A,韩国,20,杨贤俊,Yang Hyun Jun,中场,2002-5-25,,
A,韩国,23,卡斯特罗普,Jens Castrop,中场,2003-7-29,,
A,韩国,24,金镇圭,Kim Jin Gyu,中场,1997-2-24,,
A,韩国,25,严志成,Eom Ji Sung,中场,2002-5-9,,
A,韩国,26,李东炅,Lee Dong Gyeong,中场,1997-9-20,,
A,韩国,7,孙兴慜,Son Heung Min,前锋,1992-7-8,,
A,韩国,9,曹圭成,Cho Kyu Seong,前锋,1998-1-25,,
A,韩国,11,黄喜灿,Hwang Hee Chan,前锋,1996-1-26,,
A,韩国,18,吴贤揆,Oh Hyun Gyu,前锋,2001-4-12,,
A,韩国,1,金承奎,Kim Seung Gyu,守门员,1990-9-30,,
A,韩国,12,宋范根,Song Bum Keun,守门员,1997-10-15,,
A,韩国,21,赵贤祐,Jo Hyun Woo,守门员,1991-9-25,,
B,加拿大,2,阿利斯泰尔·约翰斯顿,Alistair Johnston,后卫,1998-10-8,,
B,加拿大,3,阿尔菲·琼斯,Alfie Jones,后卫,1997-10-7,,
B,加拿大,4,卢克·德富热罗勒,Luc De Fougerolles,后卫,2005-10-12,,
B,加拿大,5,乔尔·沃特曼,Joel Waterman,后卫,1996-1-24,,
B,加拿大,13,科尼利厄斯,Derek Cornelius,后卫,1997-11-25,,
B,加拿大,15,莫伊斯·邦比托,Moise Bombito,后卫,2000-3-30,,
B,加拿大,19,阿方索·戴维斯,Alphonso Davies,后卫,2000-11-2,,
B,加拿大,22,里士满·拉耶亚,Richmond Laryea,后卫,1995-1-7,,
B,加拿大,23,尼科·西古尔,Niko Sigur,后卫,2003-9-9,,
B,加拿大,6,马蒂厄·乔伊涅雷,Mathieu Choiniere,中场,1999-2-7,,
B,加拿大,7,欧斯塔基奥,Stephen Antunes Eustaquio,中场,1996-12-21,,
B,加拿大,8,伊斯梅尔·科内,Ismael Kone,中场,2002-6-16,,
B,加拿大,17,布坎南,Tajon Buchanan,中场,1999-2-8,,
B,加拿大,20,阿里·艾哈迈德,Ali Ahmed,中场,2000-10-10,,
B,加拿大,21,乔纳森·奥索里奥,Jonathan Osorio,中场,1992-6-12,,
B,加拿大,25,尼桑·萨利巴,,中场,2004-2-7,,
B,加拿大,9,塞勒·拉林,Cyle Larin,前锋,1995-4-17,,
B,加拿大,10,乔纳森·戴维,Jonathan Christian David,前锋,2000-1-14,,
B,加拿大,11,利亚姆·米勒,Liam Millar,前锋,1999-9-27,,
B,加拿大,12,奥卢瓦塞伊,Tanitoluwa Oluwatimikhin Oluwaseyi,前锋,2000-5-15,,
B,加拿大,14,沙费尔伯格,Jacob Shaffelburg,前锋,1999-11-26,,
B,加拿大,24,普罗米斯·戴维,Promise David,前锋,2001-7-3,,
B,加拿大,26,杰登·尼尔森,Jayden Nelson,前锋,2002-9-26,,
B,加拿大,1,戴恩·圣克莱尔,,守门员,1997-5-9,,
B,加拿大,16,克雷波,Maxime Crepeau,守门员,1994-5-11,,
B,加拿大,18,欧文·古德曼,Owen Goodman,守门员,2003-11-27,,
B,卡塔尔,2,佩德罗·米格尔,Pedro Miguel,后卫,1990-8-6,,
B,卡塔尔,3,卢卡斯·门德斯,Lucas Michel Mendes,后卫,1990-7-3,,
B,卡塔尔,4,伊萨·莱伊,Issa Laye,后卫,1997-12-22,,
B,卡塔尔,13,阿尤布·奥伊,,后卫,2005-3-11,,
B,卡塔尔,14,霍马姆·艾哈迈德,Homam Ahmed,后卫,1999-8-25,,
B,卡塔尔,16,布瓦勒姆·霍克希,Boualem Khoukhi,后卫,1990-7-9,,
B,卡塔尔,18,苏丹·布雷克,Sultan Al Brake,后卫,1996-4-7,,
B,卡塔尔,25,莫西·阿尔丁,,后卫,2003-8-15,,
B,卡塔尔,5,贾西姆·阿卜杜勒萨拉姆,Jassem Gaber Abdulsallam,中场,2002-2-20,,
B,卡塔尔,6,阿卜杜勒阿齐兹·哈特姆,Abdulaziz Hatem,中场,1990-10-28,,
B,卡塔尔,12,卡里姆·布迪亚夫,Karim Boudiaf,中场,1990-9-16,,
B,卡塔尔,20,艾哈迈德·法特希,Ahmed Fathi,中场,1993-1-25,,
B,卡塔尔,23,阿西姆·马迪博,Assim Omer Al Haj Madibo,中场,1996-10-22,,
B,卡塔尔,26,穆罕默德·曼奈,,中场,2003-10-30,,
B,卡塔尔,7,艾哈迈德·阿拉丁,Ahmed Alaaeldin Abdelmotaal,前锋,1993-1-31,,
B,卡塔尔,8,埃德米尔森·儒尼奥尔,,前锋,1994-8-19,,
B,卡塔尔,9,穆罕默德·蒙塔里,Mohammed Muntari,前锋,1993-12-20,,
B,卡塔尔,10,哈桑·海多斯,Hasan Al Haydos,前锋,1990-12-11,,
B,卡塔尔,11,阿克拉姆·阿菲夫,Akram Afif,前锋,1996-11-18,,
B,卡塔尔,15,阿卜杜里萨戈,Yusuf Abdurisag,前锋,1999-8-6,,
B,卡塔尔,17,艾哈迈德·加内希,Ahmed Al Ganehi,前锋,2000-9-22,,
B,卡塔尔,19,阿尔莫兹·阿里,Almoez Ali,前锋,1996-8-19,,
B,卡塔尔,24,塔赫辛·贾姆希德,Tahsin Mohammed Jamshid,前锋,2006-6-16,,
B,卡塔尔,1,阿布纳达,Mahmoud Abunada,守门员,2000-2-5,,
B,卡塔尔,21,萨拉赫·哈桑,Salah Zakaria Hassan,守门员,1999-4-24,,
B,卡塔尔,22,巴尔萨姆,Meshaal Issa Barsham,守门员,1998-2-14,,
B,波黑,2,尼哈德·穆亚基奇,Nihad Mujakic,后卫,1998-4-15,,
B,波黑,3,哈兹卡杜尼奇,Dennis Hadzikadunic,后卫,1998-7-9,,
B,波黑,4,穆哈雷莫维奇,Tarik Muharemovic,后卫,2003-2-28,,
B,波黑,5,科拉希纳茨,Sead Kolasinac,后卫,1993-6-20,,
B,波黑,7,阿马尔·德迪奇,Amar Dedic,后卫,2002-8-18,,
B,波黑,18,尼古拉·卡蒂奇,Nikola Katic,后卫,1996-10-10,,
B,波黑,21,斯捷潘·拉德利伊奇,Stjepan Radeljic,后卫,1997-9-5,,
B,波黑,24,尼达尔·切利克,Nidal Celik,后卫,2006-7-17,,
B,波黑,6,塔希罗维奇,Benjamin Tahirovic,中场,2003-3-3,,
B,波黑,8,吉戈维奇,Armin Gigovic,中场,2002-4-6,,
B,波黑,13,伊万·巴希奇,Ivan Basic,中场,2002-4-30,,
B,波黑,14,伊万·桑吉克,Ivan Sunjic,中场,1996-10-9,,
B,波黑,15,阿马尔·梅米奇,Amar Memic,中场,2001-1-20,,
B,波黑,16,哈吉艾哈迈托维奇,Amir Hadziahmetovic,中场,1997-3-8,,
B,波黑,17,布尔尼奇,Dzenis Burnic,中场,1998-5-22,,
B,波黑,19,阿拉杰贝戈维奇,Kerim Alajbegovic,中场,2007-9-21,,
B,波黑,20,埃斯米尔·巴伊拉克塔雷维奇,Esmir Bajraktarevic,中场,2005-3-10,,
B,波黑,26,艾露敏·马赫米克,Ermin Mahmic,中场,2005-3-14,,
B,波黑,9,萨迈德·巴兹达尔,Samed Bazdar,前锋,2004-1-31,,
B,波黑,10,德米洛维奇,Ermedin Demirovic,前锋,1998-3-25,,
B,波黑,11,哲科,Edin Dzeko,前锋,1986-3-17,,
B,波黑,23,哈里斯·塔巴科维奇,Haris Tabakovic,前锋,1994-6-20,,
B,波黑,25,乔沃·卢基奇,Jovo Lukic,前锋,1998-11-28,,
B,波黑,1,尼古拉·瓦西里,Nikola Vasilj,守门员,1995-12-2,,
B,波黑,12,姆拉迪亚德·尤卡,Mladen Jurkas,守门员,2007-10-27,,
B,波黑,22,马丁·兹洛米斯利奇,Martin Zlomislic,守门员,1998-8-16,,
B,瑞士,2,穆海姆,Miro Muheim,后卫,1998-3-24,,
B,瑞士,3,威德默,Silvan Widmer,后卫,1993-3-5,,
B,瑞士,4,尼科·埃尔维迪,Nico Elvedi,后卫,1996-9-30,,
B,瑞士,5,阿坎吉,Manuel Akanji,后卫,1995-7-19,,
B,瑞士,13,里卡多·罗德里格斯,Ricardo Ivan Rodriguez Araya,后卫,1992-8-25,,
B,瑞士,18,居马尔特,Eray Ervin Comert,后卫,1998-2-4,,
B,瑞士,24,奥雷勒·阿门达,Aurele Amenda,后卫,2003-7-31,,
B,瑞士,25,卢卡·杰奎斯,Luca Jaquez,后卫,2003-6-2,,
B,瑞士,6,扎卡里亚,Denis Lemi Zakaria Lako Lado,中场,1996-11-20,,
B,瑞士,8,弗罗伊勒,Remo Freuler,中场,1992-4-15,,
B,瑞士,9,约翰·曼扎姆比,Johan Manzambi,中场,2005-10-14,,
B,瑞士,10,扎卡,Granit Xhaka,中场,1992-9-27,,
B,瑞士,14,阿登·亚沙里,Ardon Jashari,中场,2002-7-30,,
B,瑞士,15,贾布里勒·索乌,Djibril Sow,中场,1997-2-6,,
B,瑞士,16,克里斯蒂安·法斯纳赫特,Christian Fassnacht,中场,1993-11-11,,
B,瑞士,20,米歇尔·埃贝彻尔,Michel Aebischer,中场,1997-1-6,,
B,瑞士,22,法比安·里德,Fabian Rieder,中场,2002-2-16,,
B,瑞士,7,恩博洛,Breel Donald Embolo,前锋,1997-2-14,,
B,瑞士,11,丹·恩多耶,Dan Ndoye,前锋,2000-10-25,,
B,瑞士,17,鲁本·巴尔加斯,Ruben Vargas,前锋,1998-8-5,,
B,瑞士,19,奥卡福尔,Noah Okafor,前锋,2000-5-24,,
B,瑞士,23,阿姆杜尼,Zeki Amdouni,前锋,2000-12-4,,
B,瑞士,26,伊滕,Cedric Jan Itten,前锋,1996-12-27,,
B,瑞士,1,格雷戈尔·科贝尔,Gregor Kobel,守门员,1997-12-6,,
B,瑞士,12,姆沃戈,Yvon Landry Mvogo Nganoma,守门员,1994-6-6,,
B,瑞士,21,马文·凯勒,Marvin Keller,守门员,2002-7-3,,
C,巴西,3,加布里埃尔,,后卫,1997-12-19,,
C,巴西,4,马尔基尼奥斯,,后卫,1994-5-14,,
C,巴西,6,阿莱士·桑德罗,Alex Sandro Lobo Silva,后卫,1991-1-26,,
C,巴西,13,达尼洛,,后卫,1991-7-15,,
C,巴西,14,布雷默,Gleison Bremer Silva Nascimento,后卫,1997-3-18,,
C,巴西,15,莱昂纳多·佩雷拉,Leonardo Pereira,后卫,1996-1-31,,
C,巴西,16,道格拉斯·桑托斯,Douglas Santos,后卫,1994-3-22,,
C,巴西,24,伊巴涅斯,,后卫,1998-11-23,,
C,巴西,2,埃德松,,中场,1999-7-7,,
C,巴西,5,卡塞米罗,Carlos Henrique Casemiro,中场,1992-2-23,,
C,巴西,8,布鲁诺·吉马良斯,Bruno Guimaraes Rodriguez Moura,中场,1997-11-16,,
C,巴西,17,法比尼奥,,中场,1993-10-23,,
C,巴西,18,达尼洛·德奥利维拉,,中场,2001-4-29,,
C,巴西,20,帕奎塔,,中场,1997-8-27,,
C,巴西,7,维尼修斯,,前锋,2000-7-12,,
C,巴西,9,库尼亚,Matheus Cunha,前锋,1999-5-27,,
C,巴西,10,内马尔,,前锋,1992-2-5,,
C,巴西,11,拉菲尼亚,,前锋,1996-12-14,,
C,巴西,19,恩德里克,,前锋,2006-7-21,,
C,巴西,21,路易斯·恩里克,Luiz Henrique Andre Rosa Da Silva,前锋,2001-1-2,,
C,巴西,22,马丁内利,Gabriel Teodoro Martinelli Silva,前锋,2001-6-18,,
C,巴西,25,伊戈尔·蒂亚戈,Igor Thiago Nascimento Rodrigues,前锋,2001-6-26,,
C,巴西,26,拉扬·维托,Rayan Vitor Simplicio Rocha,前锋,2006-8-3,,
C,巴西,1,阿利松,Alisson Ramses Becker,守门员,1992-10-2,,
C,巴西,12,韦弗顿,,守门员,1987-12-13,,
C,巴西,23,埃德森,,守门员,1993-8-17,,
C,摩洛哥,2,阿什拉夫,Achraf Hakimi,后卫,1998-11-4,,
C,摩洛哥,3,马兹拉维,Noussair Mazraoui,后卫,1997-11-14,,
C,摩洛哥,5,纳伊夫·阿格尔德,Naif Aguerd,后卫,1996-3-30,,
C,摩洛哥,13,埃尔·瓦赫迪,Zakaria El Ouahdi,后卫,2001-12-31,,
C,摩洛哥,14,伊萨·迪奥普,Issa Diop,后卫,1997-1-9,,
C,摩洛哥,18,沙迪·里亚德,Chadi Riad,后卫,2003-6-17,,
C,摩洛哥,19,尤瑟夫·贝拉马里,Youssef Belammari,后卫,1998-9-20,,
C,摩洛哥,25,哈尔哈尔,Redouane Halhal,后卫,2003-3-5,,
C,摩洛哥,26,萨拉赫·埃丁,,后卫,2002-1-18,,
C,摩洛哥,4,阿姆拉巴特,Sofyan Amrabat,中场,1996-8-21,,
C,摩洛哥,6,阿尤布·布阿迪,Ayyoub Bouaddi,中场,2007-10-2,,
C,摩洛哥,8,奥纳希,Azzedine Ounahi,中场,2000-4-19,,
C,摩洛哥,11,伊斯梅尔·萨伊瓦里,Ismael Saibari Ben El Basra,中场,2001-1-28,,
C,摩洛哥,15,萨米尔·穆拉贝,Samir El Mourabet,中场,2005-10-6,,
C,摩洛哥,23,比拉勒·汉努斯,Bilal El Khannous,中场,2004-5-10,,
C,摩洛哥,24,尼尔·埃纳奥伊,Neil El Aynaoui,中场,2001-7-2,,
C,摩洛哥,7,塔勒比,Chemsdine Talbi,前锋,2005-5-9,,
C,摩洛哥,9,苏菲安·拉希米,Soufiane Rahimi,前锋,1996-6-2,,
C,摩洛哥,10,卜拉欣·迪亚斯,Brahim Abdelkader Diaz,前锋,1999-8-3,,
C,摩洛哥,16,格西·亚辛,Gessime Yassine,前锋,2005-11-22,,
C,摩洛哥,17,阿布德,Abde Ezzalzouli,前锋,2001-12-17,,
C,摩洛哥,20,阿尤布·卡埃比,Ayoub El Kaabi,前锋,1993-6-25,,
C,摩洛哥,21,阿尤比,,前锋,2004-11-30,,
C,摩洛哥,1,亚辛·布努,Yassine Bounou,守门员,1991-4-5,,
C,摩洛哥,12,穆尼尔·穆罕梅迪,Munir Mohand Mohamedi,守门员,1989-5-10,,
C,摩洛哥,22,塔格诺提,Ahmed Reda Tagnaouti,守门员,1996-4-5,,
C,海地,2,卡伦斯·阿尔库斯,Carlens Arcus,后卫,1996-6-28,,
C,海地,3,基托·特尔蒙斯,Keeto Thermoncy,后卫,2006-3-29,,
C,海地,4,里卡多·阿德,Ricardo Ade,后卫,1990-5-21,,
C,海地,5,德尔克鲁瓦,Hannes Delcroix,后卫,1999-2-28,,
C,海地,8,马丁·埃斯佩里恩斯,Martin Experience,后卫,1999-3-9,,
C,海地,13,拉克鲁瓦,Markhus Duke Lacroix,后卫,1993-10-10,,
C,海地,22,杜维尔,Jean Kevin Duverne,后卫,1997-7-12,,
C,海地,24,威尔盖恩斯·帕凯恩,Wilguens Paugain,后卫,2001-8-24,,
C,海地,6,卡尔·圣,Carl Sainte,中场,2002-8-9,,
C,海地,7,德里克·埃蒂安,,中场,1996-11-25,,
C,海地,10,贝勒加德,Jeanricner Bellegarde,中场,1998-6-27,,
C,海地,14,莱弗顿·皮埃尔,Leverton Pierre,中场,1998-3-9,,
C,海地,17,雅克,Danley Jean Jacques,中场,2000-5-20,,
C,海地,25,多米尼克·西蒙,Dominique Simon,中场,2000-7-29,,
C,海地,26,奥利维尔·皮埃尔,Olivier Pierre,中场,2004-12-30,,
C,海地,9,纳松,Duckens Moses Nazon,前锋,1994-4-7,,
C,海地,11,路易修斯·迪德森,Louicius Deedson,前锋,2001-2-11,,
C,海地,15,鲁本·普罗维登斯,Ruben Providence,前锋,2001-7-7,,
C,海地,16,伦尼·约瑟夫,Lenny Joseph,前锋,2000-10-12,,
C,海地,18,威尔逊·伊西多尔,Wilson Isidor,前锋,2000-8-27,,
C,海地,19,福尔图恩,Yassin Fortune,前锋,1999-1-30,,
C,海地,20,弗兰茨·皮埃罗,Frantzdy Pierrot,前锋,1995-3-29,,
C,海地,21,约瑟夫·卡西米尔,Josue Casimir,前锋,2001-9-24,,
C,海地,1,普拉西德,Johny Placide,守门员,1988-1-29,,
C,海地,12,亚历山大·皮埃尔,Alexandre Pierre,守门员,2001-2-25,,
C,海地,23,迪韦尔热,Josue Duverger,守门员,2000-4-27,,
C,苏格兰,2,阿伦·希基,Aaron Hickey,后卫,2002-6-10,,
C,苏格兰,3,罗伯逊,Andrew Robertson,后卫,1994-3-11,,
C,苏格兰,5,格兰特·汉利,Grant Hanley,后卫,1991-11-20,,
C,苏格兰,6,蒂尔尼,Kieran Tierney,后卫,1997-6-5,,
C,苏格兰,13,杰克·亨德利,Jack Hendry,后卫,1995-5-7,,
C,苏格兰,15,约翰·苏塔,John Souttar,后卫,1996-9-25,,
C,苏格兰,16,海亚姆,Dominic John Hyam,后卫,1995-12-20,,
C,苏格兰,22,内森·帕特森,Nathan Patterson,后卫,2001-10-16,,
C,苏格兰,24,安东尼·罗尔斯顿,Anthony Ralston,后卫,1998-11-16,,
C,苏格兰,26,斯科特·麦克纳,,后卫,1996-11-12,,
C,苏格兰,4,麦克托米奈,,中场,1996-12-8,,
C,苏格兰,7,约翰·麦金,,中场,1994-10-18,,
C,苏格兰,8,泰勒·弗莱彻,Tyler Fletcher,中场,2007-3-19,,
C,苏格兰,11,瑞恩·克里斯蒂,Ryan Christie,中场,1995-2-22,,
C,苏格兰,17,本·多克,Ben Gannon Doak,中场,2005-11-11,,
C,苏格兰,19,刘易斯·弗格森,Lewis Ferguson,中场,1999-8-24,,
C,苏格兰,23,肯尼·麦克莱恩,,中场,1992-1-8,,
C,苏格兰,25,芬德雷·柯蒂斯,Findlay Curtis,中场,2006-10-1,,
C,苏格兰,9,林顿·戴克斯,Lyndon Dykes,前锋,1995-10-7,,
C,苏格兰,10,切·亚当斯,Che Adams,前锋,1996-7-13,,
C,苏格兰,14,罗斯·斯特沃德,Ross Stewart,前锋,1996-7-11,,
C,苏格兰,18,乔治·希斯特,George Hirst,前锋,1999-2-15,,
C,苏格兰,20,劳伦斯·尚克兰,Lawrence Shankland,前锋,1995-8-10,,
C,苏格兰,1,冈恩,Angus Gunn,守门员,1996-1-22,,
C,苏格兰,12,利阿姆·凯利,Liam Kelly,守门员,1996-1-23,,
C,苏格兰,21,克雷格·戈登,Craig Gordon,守门员,1982-12-31,,
D,土耳其,2,穆罕默德·切利克,Mehmet Zeki Celik,后卫,1997-2-17,,
D,土耳其,3,德米拉尔,Merih Demiral,后卫,1998-3-5,,
D,土耳其,4,瑟云聚,Caglar Soyuncu,后卫,1996-5-23,,
D,土耳其,13,埃伦·埃尔马利,Eren Elmali,后卫,2000-7-7,,
D,土耳其,14,巴尔达克奇,Abdulkerim Bardakci,后卫,1994-9-7,,
D,土耳其,15,奥赞·卡巴克,Ozan Muhammed Kabak,后卫,2000-3-25,,
D,土耳其,18,梅尔特·米尔迪尔,Mert Muldur,后卫,1999-4-3,,
D,土耳其,20,费迪·卡迪奥卢,Ferdi Kadioglu,后卫,1999-10-7,,
D,土耳其,25,萨米特·阿卡伊登,Samet Akaydin,后卫,1994-3-13,,
D,土耳其,5,厄兹詹,Salih Ozcan,中场,1998-1-11,,
D,土耳其,6,奥尔昆·柯克曲,Orkun Kokcu,中场,2000-12-29,,
D,土耳其,8,阿尔达·居莱尔,Arda Guler,中场,2005-2-25,,
D,土耳其,10,恰尔汗奥卢,Hakan Calhanoglu,中场,1994-2-8,,
D,土耳其,16,于克塞克,Ismail Yuksek,中场,1999-1-26,,
D,土耳其,22,卡安·艾汉,Kaan Ayhan,中场,1994-11-10,,
D,土耳其,26,伊尔玛兹·乌赞,Can Yilmaz Uzun,中场,2005-11-11,,
D,土耳其,7,阿克蒂尔科奥卢,Kerem Akturkoglu,前锋,1998-10-21,,
D,土耳其,9,德尼·古尔,Deniz Gul,前锋,2004-7-2,,
D,土耳其,11,凯南·伊尔迪兹,Kenan Yildiz,前锋,2005-5-4,,
D,土耳其,17,伊尔凡·卡赫韦奇,Irfan Can Kahveci,前锋,1995-7-15,,
D,土耳其,19,尤努斯·阿克冈,Yunus Akgun,前锋,2000-7-7,,
D,土耳其,21,巴里斯·伊尔马兹,Baris Yilmaz,前锋,2000-5-23,,
D,土耳其,24,奥古斯·艾丁,Oguz Aydin,前锋,2000-10-27,,
D,土耳其,1,默尔特·居诺克,Fehmi Mert Gunok,守门员,1989-3-1,,
D,土耳其,12,巴因迪尔,Altay Bayindir,守门员,1998-4-14,,
D,土耳其,23,恰基尔,Ugurcan Cakir,守门员,1996-4-5,,
D,巴拉圭,2,古斯塔沃·贝拉斯克斯,Gustavo Velazquez,后卫,1991-4-17,,
D,巴拉圭,3,阿尔德雷特,Omar Federico Alderete Fernandez,后卫,1996-12-26,,
D,巴拉圭,4,胡安·卡塞雷斯,Juan Jose Caceres,后卫,2000-6-1,,
D,巴拉圭,5,法比安·巴尔布埃纳,Fabian Cornelio Balbuena Gonzalez,后卫,1991-8-23,,
D,巴拉圭,6,儒尼奥尔·阿隆索,Junior Osmar Ignacio Alonso Mujica,后卫,1993-2-9,,
D,巴拉圭,13,何塞·卡纳莱,Jose Maria Canale Dominguez,后卫,1996-7-20,,
D,巴拉圭,15,古斯塔沃·戈麦斯,Gustavo Raul Gomez Portillo,后卫,1993-5-6,,
D,巴拉圭,26,亚历杭德罗·迈达纳,Alexandro Maidana,后卫,2005-7-26,,
D,巴拉圭,8,迭戈·戈麦斯,Diego Gomez,中场,2003-3-27,,
D,巴拉圭,11,毛里西奥·普拉多,Mauricio Magalhaes Prado,中场,2001-6-22,,
D,巴拉圭,14,库巴斯,Adrian Andres Cubas,中场,1996-5-22,,
D,巴拉圭,16,达米安·博瓦迪利亚,Damian Josue Bobadilla Benitez,中场,2001-7-11,,
D,巴拉圭,17,罗梅罗·加马拉,,中场,1995-1-11,,
D,巴拉圭,19,胡里奥·恩西索,Julio Cesar Enciso,中场,2004-1-23,,
D,巴拉圭,20,布莱恩·奥赫达,Braian Oscar Ojeda Rodriguez,中场,2000-6-27,,
D,巴拉圭,23,马蒂亚斯·加拉尔萨,Matias Galarza Fonda,中场,2002-2-11,,
D,巴拉圭,7,拉蒙·索萨,Ramon Sosa Acosta,前锋,1999-8-31,,
D,巴拉圭,9,萨纳布里亚,Arnaldo Antonio Sanabria Ayala,前锋,1996-3-4,,
D,巴拉圭,10,阿尔米隆,Miguel Angel Almiron Rejala,前锋,1994-2-10,,
D,巴拉圭,18,阿莱士·阿尔塞,Alex Adrian Arce Barrios,前锋,1995-6-16,,
D,巴拉圭,21,加布里埃尔·阿瓦洛斯,Gabriel Avalos Stumpfs,前锋,1990-10-12,,
D,巴拉圭,24,古斯塔沃·卡瓦列罗,Gustavo Ruben Caballero Gonzalez,前锋,2001-9-21,,
D,巴拉圭,25,伊西德罗·皮塔,Isidro Miguel Pitta Saldivar,前锋,1999-8-14,,
D,巴拉圭,1,罗伯托·费尔南德斯,Roberto Fernandez Junior,守门员,1988-3-29,,
D,巴拉圭,12,奥兰多·吉尔,Orlando Gill,守门员,2000-6-11,,
D,巴拉圭,22,奥利维拉,Gaston Hernan Olveira Echeverria,守门员,1993-4-21,,
D,澳大利亚,2,米洛斯·德格内克,Milos Degenek,后卫,1994-4-28,,
D,澳大利亚,3,亚历山德罗·奇尔卡蒂,Alessandro Circati,后卫,2003-10-10,,
D,澳大利亚,4,雅各布·伊塔利亚诺,Jacob Italiano,后卫,2001-7-30,,
D,澳大利亚,5,乔丹·博斯,Jordan Bos,后卫,2002-10-29,,
D,澳大利亚,6,杰森·杰里亚,Jason Geria,后卫,1993-5-10,,
D,澳大利亚,15,凯·特温,Kai Trewin,后卫,2001-5-18,,
D,澳大利亚,16,贝希奇,Aziz Behich,后卫,1990-12-16,,
D,澳大利亚,19,苏塔,Harry Souttar,后卫,1998-10-22,,
D,澳大利亚,21,卡梅隆·伯吉斯,Cameron Burgess,后卫,1995-10-21,,
D,澳大利亚,25,卢卡斯·赫林顿,Lucas Herrington,后卫,2007-9-5,,
D,澳大利亚,8,康纳·梅特卡夫,Conor Metcalfe,中场,1999-11-5,,
D,澳大利亚,10,艾迪尼·赫鲁斯蒂奇,Ajdin Hrustic,中场,1996-7-5,,
D,澳大利亚,13,埃登·奥尼尔,,中场,1998-7-4,,
D,澳大利亚,14,卡梅隆·德夫林,Cameron Devlin,中场,1998-6-7,,
D,澳大利亚,22,杰克逊·欧文,Jackson Irvine,中场,1993-3-7,,
D,澳大利亚,24,保罗·恩斯特勒,,中场,2005-1-24,,
D,澳大利亚,7,马修·莱基,Mathew Leckie,前锋,1991-2-4,,
D,澳大利亚,9,穆罕默德·图雷,Mohamed Toure,前锋,2004-3-26,,
D,澳大利亚,11,马比尔,Awer Mabil,前锋,1995-9-15,,
D,澳大利亚,17,内斯托里·伊兰昆达,Nestory Irankunda,前锋,2006-2-9,,
D,澳大利亚,20,克里斯蒂安·沃尔帕托,Cristian Volpato,前锋,2003-11-15,,
D,澳大利亚,23,韦卢皮莱,Nishan Velupillay,前锋,2001-5-7,,
D,澳大利亚,26,泰特·延吉,Tete Yengi,前锋,2000-11-28,,
D,澳大利亚,1,马修·瑞安,Mathew David Ryan,守门员,1992-4-8,,
D,澳大利亚,12,保罗·伊佐,Paul Izzo,守门员,1995-1-6,,
D,澳大利亚,18,帕特里克·比奇,Patrick Beach,守门员,2003-8-6,,
D,美国,2,德斯特,Sergino Gianni Dest,后卫,2000-11-3,,
D,美国,3,克里斯·理查兹,Chris Richards,后卫,2000-3-28,,
D,美国,5,安东尼·罗宾逊,Antonee Robinson,后卫,1997-8-8,,
D,美国,6,特拉斯蒂,Auston Trusty,后卫,1998-8-12,,
D,美国,12,迈尔斯·罗宾逊,Miles Robinson,后卫,1997-3-14,,
D,美国,13,蒂莫西·里姆,Timothy Michael Ream,后卫,1987-10-5,,
D,美国,16,亚历克斯·弗里曼,Alex Freeman,后卫,2004-8-9,,
D,美国,22,马克·麦肯齐,,后卫,1999-2-25,,
D,美国,23,约瑟夫·斯卡利,Joseph Scally,后卫,2002-12-31,,
D,美国,4,泰勒·亚当斯,Tyler Adams,中场,1999-2-14,,
D,美国,7,乔凡尼·雷纳,Giovanni Reyna,中场,2002-11-13,,
D,美国,8,麦肯尼,,中场,1998-8-28,,
D,美国,10,普利西奇,Christian Pulisic,中场,1998-9-18,,
D,美国,11,布伦登·阿伦森,Brenden Aaronson,中场,2000-10-22,,
D,美国,14,塞巴斯蒂安·贝尔哈特,Sebastian Berhalter,中场,2001-5-10,,
D,美国,15,克里斯蒂安·罗尔丹,Cristian Roldan,中场,1995-6-3,,
D,美国,17,马利克·蒂尔曼,Malik Tillman,中场,2002-5-28,,
D,美国,9,里卡多·佩皮,Ricardo Pepi,前锋,2003-1-9,,
D,美国,18,阿尔夫斯滕,Max Arfsten,前锋,2001-4-19,,
D,美国,19,哈吉·赖特,Haji Wright,前锋,1998-3-27,,
D,美国,20,巴洛贡,Folarin Balogun,前锋,2001-7-3,,
D,美国,21,蒂莫西·维阿,Timothy Tarpeh Weah,前锋,2000-2-22,,
D,美国,26,亚历杭德罗·森德哈斯,Alejandro Zendejas Saavedra,前锋,1998-2-7,,
D,美国,1,马特·特纳,Matt Turner,守门员,1994-6-24,,
D,美国,24,马修·弗里兹,Matthew Freese,守门员,1998-9-2,,
D,美国,25,克里斯·布雷迪,Chris Brady,守门员,2004-3-3,,
E,厄瓜多尔,2,费利克斯·托雷斯,Felix Eduardo Torres Caicedo,后卫,1997-1-11,,
E,厄瓜多尔,3,因卡皮耶,Piero Martin Hincapie Reyna,后卫,2002-1-9,,
E,厄瓜多尔,4,乔尔·奥多涅兹,Joel Ordonez,后卫,2004-4-21,,
E,厄瓜多尔,6,威廉·帕乔,William Pacho,后卫,2001-10-16,,
E,厄瓜多尔,7,佩维斯·埃斯图皮尼安,Pervis Josue Estupinan Tenorio,后卫,1998-1-21,,
E,厄瓜多尔,17,安赫洛·普雷西亚多,Angelo Smit Preciado Quinonez,后卫,1998-2-18,,
E,厄瓜多尔,25,杰克逊·博罗索,Jackson Gabriel Porozo Vernaza,后卫,2000-8-4,,
E,厄瓜多尔,26,梅迪纳,Yaimar Medina,后卫,2004-11-5,,
E,厄瓜多尔,5,乔迪·阿尔西瓦尔,Jordy Alcivar,中场,1999-8-5,,
E,厄瓜多尔,9,耶博亚,John Yeboah Zamora,中场,2000-6-23,,
E,厄瓜多尔,10,肯德里·佩斯,Kendry Paez,中场,2007-5-4,,
E,厄瓜多尔,15,佩德罗·维特,Pedro Jeampierre Vite Uca,中场,2002-3-9,,
E,厄瓜多尔,18,德尼尔·卡斯蒂略,Denil Castillo,中场,2004-3-24,,
E,厄瓜多尔,21,阿兰·弗兰科,Alan Steven Franco Palma,中场,1998-8-21,,
E,厄瓜多尔,23,莫伊塞斯·凯塞多,Moises Isaac Caicedo Corozo,中场,2001-11-2,,
E,厄瓜多尔,8,安东尼·瓦伦西亚,Anthony Valencia,前锋,2003-7-21,,
E,厄瓜多尔,11,凯文·罗德里格斯,Kevin Jose Rodriguez Cortez,前锋,2000-3-4,,
E,厄瓜多尔,13,恩纳·瓦伦西亚,Enner Valencia,前锋,1989-11-4,,
E,厄瓜多尔,14,阿兰·明达,Alan Minda,前锋,2003-5-14,,
E,厄瓜多尔,16,乔迪·凯塞多,Jordy Josue Caicedo Medina,前锋,1997-11-18,,
E,厄瓜多尔,19,贡萨洛·普拉塔,Gonzalo Jordy Plata Jimenez,前锋,2000-11-1,,
E,厄瓜多尔,20,尼尔森·安古洛,Nilson David Angulo Ramirez,前锋,2003-6-19,,
E,厄瓜多尔,24,杰里米·阿雷瓦洛,Jeremy Arevalo,前锋,2005-3-19,,
E,厄瓜多尔,1,加林德斯,Hernan Ismael Galindez,守门员,1987-3-30,,
E,厄瓜多尔,12,莫伊塞斯·拉米雷斯,Wellington Moises Ramirez Preciado,守门员,2000-9-9,,
E,厄瓜多尔,22,贡萨洛·瓦莱,Gonzalo Roberto Valle Bustamante,守门员,1996-2-28,,
E,库拉索,2,舒兰迪·桑博,Shurandy Sambo,后卫,2001-8-19,,
E,库拉索,3,朱利安·加里,Jurien Gaari,后卫,1993-12-23,,
E,库拉索,4,罗森·范埃马,,后卫,1998-6-9,,
E,库拉索,5,弗洛拉努斯,Sherel Floranus,后卫,1998-8-23,,
E,库拉索,18,阿曼多·奥比斯波,Armando Obispo,后卫,1999-3-5,,
E,库拉索,20,布雷内特,Joshua Brenet,后卫,1994-3-20,,
E,库拉索,23,巴佐尔,Riechedly Bazoer,后卫,1996-10-12,,
E,库拉索,24,德韦隆·冯维尔,Deveron Fonville,后卫,2003-5-16,,
E,库拉索,6,罗蒙莱图伊,Godfried Roemeratoe,中场,1999-8-19,,
E,库拉索,7,朱尼尼奥·巴库纳,Juninho Bacuna,中场,1997-8-7,,
E,库拉索,8,利瓦诺·科梅内西亚,Livano Comenencia,中场,2004-2-3,,
E,库拉索,10,莱安德罗·巴库纳,Leandro Jones Johan Bacuna,中场,1991-8-21,,
E,库拉索,13,泰瑞斯·诺斯林,Tyrese Noslin,中场,2002-9-11,,
E,库拉索,15,阿尔贾尼·玛尔塔,,中场,2003-9-4,,
E,库拉索,21,陈达毅,Tahith Chong,中场,1999-12-4,,
E,库拉索,22,凯文·菲利达,Kevin Felida,中场,1999-11-11,,
E,库拉索,9,洛卡迪亚,Jurgen Locadia,前锋,1993-11-7,,
E,库拉索,11,杰里米·安东尼斯,Jeremy Antonisse,前锋,2002-3-29,,
E,库拉索,12,汉森,Sontje Hansen,前锋,2002-5-18,,
E,库拉索,14,肯基·格雷,Kenji Gorre,前锋,1994-9-29,,
E,库拉索,16,杰尔·马格利塔,Jearl Margaritha,前锋,2000-4-10,,
E,库拉索,17,库瓦斯,Brandley Kuwas,前锋,1992-9-19,,
E,库拉索,19,卡斯塔内尔,Gervane Kastaneer,前锋,1996-6-9,,
E,库拉索,1,埃洛伊·鲁姆,Eloy Room,守门员,1989-2-6,,
E,库拉索,25,多恩布施,Trevor Doornbusch,守门员,1999-7-6,,
E,库拉索,26,波达克,Tyrick Bodak,守门员,2002-2-15,,
E,德国,2,吕迪格,Antonio Rudiger,后卫,1993-3-3,,
E,德国,3,瓦尔德马尔·安东,Waldemar Anton,后卫,1996-7-20,,
E,德国,4,约纳坦·塔,Jonathan Glao Tah,后卫,1996-2-11,,
E,德国,15,施洛特贝克,Nico Schlotterbeck,后卫,1999-12-1,,
E,德国,18,纳撒尼尔·布朗,Nathaniel Brown,后卫,2003-6-16,,
E,德国,22,大卫·劳姆,David Raum,后卫,1998-4-22,,
E,德国,24,马利克·佳夫,Malick Thiaw,后卫,2001-8-8,,
E,德国,5,亚历山大·帕夫洛维奇,Aleksandar Pavlovic,中场,2004-5-3,,
E,德国,6,基米希,Joshua Kimmich,中场,1995-2-8,,
E,德国,8,格雷茨卡,Leon Goretzka,中场,1995-2-6,,
E,德国,10,穆西亚拉,Jamal Musiala,中场,2003-2-26,,
E,德国,13,格罗斯,Pascal Gross,中场,1991-6-15,,
E,德国,16,安杰洛·斯蒂勒,Angelo Stiller,中场,2001-4-4,,
E,德国,17,弗洛里安·维尔茨,Florian Wirtz,中场,2003-5-3,,
E,德国,20,阿米里,Nadiem Amiri,中场,1996-10-27,,
E,德国,23,费利克斯·恩梅查,Felix Nmecha,中场,2000-10-10,,
E,德国,25,韦德拉奥果,Assan Ouedraogo,中场,2006-5-9,,
E,德国,7,哈弗茨,Kai Havertz,前锋,1999-6-11,,
E,德国,9,杰米·勒威林,Jamie Leweling,前锋,2001-2-26,,
E,德国,11,尼克·沃尔特马德,Nick Woltemade,前锋,2002-2-14,,
E,德国,14,马克西米利安·拜尔,Maximilian Beier,前锋,2002-10-17,,
E,德国,19,萨内,Leroy Sane,前锋,1996-1-11,,
E,德国,26,昂达夫,Deniz Undav,前锋,1996-7-19,,
E,德国,1,诺伊尔,Manuel Neuer,守门员,1986-3-27,,
E,德国,12,鲍曼,Oliver Baumann,守门员,1990-6-2,,
E,德国,21,努贝尔,Alexander Nubel,守门员,1996-9-30,,
E,科特迪瓦,2,奥斯曼·迪奥曼德,Ousmane Diomande,后卫,2003-12-4,,
E,科特迪瓦,3,吉斯兰·科南,,后卫,1995-12-27,,
E,科特迪瓦,5,威尔弗里德·辛戈,Wilfried Stephane Singo,后卫,2000-12-25,,
E,科特迪瓦,7,奥迪隆·科苏努,Odilon Kossounou,后卫,2001-1-4,,
E,科特迪瓦,13,克里斯托弗·奥佩里,Christopher Operi,后卫,1997-4-29,,
E,科特迪瓦,17,盖拉·杜埃,Guela Doue,后卫,2002-10-17,,
E,科特迪瓦,20,阿格巴杜,Emmanuel Agbadou,后卫,1997-6-17,,
E,科特迪瓦,21,恩迪卡,,后卫,1999-8-20,,
E,科特迪瓦,4,简·塞里,Jean Michael Seri,中场,1991-7-19,,
E,科特迪瓦,6,塞科·福法纳,Seko Fofana,中场,1995-5-7,,
E,科特迪瓦,8,凯西,Franck Yannick Kessie,中场,1996-12-19,,
E,科特迪瓦,18,桑加雷,Ibrahim Sangare,中场,1997-12-2,,
E,科特迪瓦,25,圭阿贡,Parfait Guiagon,中场,2001-2-22,,
E,科特迪瓦,26,克里斯特·欧莱,Christ Ravynel Inao Oulai,中场,2006-4-6,,
E,科特迪瓦,9,博尼,,前锋,2003-10-25,,
E,科特迪瓦,10,西蒙·阿丁拉,Simon Adingra,前锋,2002-1-1,,
E,科特迪瓦,11,迪奥曼德,Yan Diomande,前锋,2006-11-14,,
E,科特迪瓦,12,埃莱·瓦希,Sepe Elye Wahi,前锋,2003-1-2,,
E,科特迪瓦,14,奥马尔·迪亚基特,Oumar Diakite,前锋,2003-12-20,,
E,科特迪瓦,15,阿马德·迪亚洛,Amad Diallo Traore,前锋,2002-7-11,,
E,科特迪瓦,19,尼古拉斯·佩佩,Nicolas Pepe,前锋,1995-5-29,,
E,科特迪瓦,22,埃文·盖桑,Evann Guessand,前锋,2001-7-1,,
E,科特迪瓦,24,巴佐马纳·图雷,Bazoumana Toure,前锋,2006-3-2,,
E,科特迪瓦,1,弗法纳,Yahia Fofana,守门员,2000-8-21,,
E,科特迪瓦,16,穆罕默德·科内,Mohamed Kone,守门员,2002-3-7,,
E,科特迪瓦,23,阿尔班·拉冯,Alban Lafont,守门员,1999-1-23,,
F,日本,2,菅原由势,Yukinari Sugawara,后卫,2000-6-28,,
F,日本,3,谷口彰悟,Shogo Taniguchi,后卫,1991-7-15,,
F,日本,4,板仓滉,Ko Itakura,后卫,1997-1-27,,
F,日本,5,长友佑都,Yuto Nagatomo,后卫,1986-9-12,,
F,日本,16,渡边刚,Tsuyoshi Watanabe,后卫,1997-2-5,,
F,日本,20,濑古步梦,Ayumu Seko,后卫,2000-6-7,,
F,日本,21,伊藤洋辉,Hiroki Ito,后卫,1999-5-12,,
F,日本,22,富安健洋,Takehiro Tomiyasu,后卫,1998-11-5,,
F,日本,25,铃木淳之介,Junnosuke Suzuki,后卫,2003-7-12,,
F,日本,7,田中碧,Ao Tanaka,中场,1998-9-10,,
F,日本,10,堂安律,Ritsu Doan,中场,1998-6-16,,
F,日本,15,镰田大地,Daichi Kamada,中场,1996-8-5,,
F,日本,17,铃木唯人,Yuito Suzuki,中场,2001-10-25,,
F,日本,24,佐野海舟,Kaishu Sano,中场,2000-12-30,,
F,日本,6,町野修斗,Shuto Machino,前锋,1999-9-30,,
F,日本,8,久保建英,Takefusa Kubo,前锋,2001-6-4,,
F,日本,9,后藤啓介,Keisuke Goto,前锋,2005-6-3,,
F,日本,11,前田大然,Daizen Maeda,前锋,1997-10-20,,
F,日本,13,中村敬斗,Keito Nakamura,前锋,2000-7-28,,
F,日本,14,伊东纯也,Junya Ito,前锋,1993-3-9,,
F,日本,18,上田绮世,Ayase Ueda,前锋,1998-8-28,,
F,日本,19,小川航基,Koki Ogawa,前锋,1997-8-8,,
F,日本,26,盐贝健人,Kento Shiogai,前锋,2005-3-26,,
F,日本,1,铃木彩艳,Zion Suzuki,守门员,2002-8-21,,
F,日本,12,大迫敬介,Keisuke Osako,守门员,1999-7-28,,
F,日本,23,早川友基,Tomoki Hayakawa,守门员,1999-3-3,,
F,瑞典,2,古斯塔夫·拉格比耶尔克,Gustaf Lagerbielke,后卫,2000-4-10,,
F,瑞典,3,林德洛夫,Victor Jorgen Nilsson Lindelof,后卫,1994-7-17,,
F,瑞典,4,伊萨克·希恩,Isak Hien,后卫,1999-1-13,,
F,瑞典,5,加布里埃尔·古德蒙松,Gabriel Gudmundsson,后卫,1999-4-29,,
F,瑞典,6,赫尔曼·约翰松,Herman Johansson,后卫,1997-10-16,,
F,瑞典,8,丹尼尔·斯文松,Daniel Svensson,后卫,2002-2-12,,
F,瑞典,14,哈尔马·埃克达尔,Hjalmar Ekdal,后卫,1998-10-21,,
F,瑞典,15,卡尔·斯塔费尔特,Carl Starfelt,后卫,1995-6-1,,
F,瑞典,20,埃里克·史密斯,Eric Anders Smith,后卫,1997-1-8,,
F,瑞典,7,卢卡斯·贝里瓦尔,Lucas Bergvall,中场,2006-2-2,,
F,瑞典,13,肯·塞马,Ken Nlata Sema,中场,1993-9-30,,
F,瑞典,16,卡尔斯特伦,Jesper Karlstrom,中场,1995-6-21,,
F,瑞典,18,亚辛·阿亚里,Yasin Abbas Ayari,中场,2003-10-6,,
F,瑞典,19,斯万贝里,Mattias Svanberg,中场,1999-1-5,,
F,瑞典,22,贝斯福特·泽内利,Besfort Zeneli,中场,2002-11-21,,
F,瑞典,24,埃利奥特·斯特劳德,Elliot Stroud,中场,2002-6-22,,
F,瑞典,26,塔哈·阿里,Taha Ali,中场,1998-7-1,,
F,瑞典,9,伊萨克,Alexander Isak,前锋,1999-9-21,,
F,瑞典,10,本杰明·尼格伦,Benjamin Nygren,前锋,2001-7-8,,
F,瑞典,11,安东尼·埃兰加,Anthony David Junior Elanga,前锋,2002-4-27,,
F,瑞典,17,维克多·约克雷斯,Viktor Gyokeres,前锋,1998-6-4,,
F,瑞典,21,伯恩哈德松,Alexander Bernhardsson,前锋,1998-9-8,,
F,瑞典,25,古斯塔夫·尼尔松,Gustaf Nilsson,前锋,1997-5-23,,
F,瑞典,1,塞特斯特伦,Jacob Widell Zetterstrom,守门员,1998-7-11,,
F,瑞典,12,维克托·约翰松,Viktor Johansson,守门员,1998-9-14,,
F,瑞典,23,克里斯托弗·诺德菲尔特,Kristoffer Nordfeldt,守门员,1989-6-23,,
F,突尼斯,2,阿里·阿卜迪,Ali Abdi,后卫,1993-12-20,,
F,突尼斯,3,塔勒比,Montassar Talbi,后卫,1998-5-26,,
F,突尼斯,4,奥马尔·雷基克,Omar Rekik,后卫,2001-12-20,,
F,突尼斯,5,亚登·阿罗斯,Adem Arous,后卫,2004-7-17,,
F,突尼斯,6,布隆,Dylan Daniel Mahmoud Bronn,后卫,1995-6-19,,
F,突尼斯,20,瓦莱里,Yan Valery,后卫,1999-2-22,,
F,突尼斯,21,哈米达,Mohamed Amine Ben Hamida,后卫,1995-12-15,,
F,突尼斯,23,穆塔斯·内法蒂,Moutaz Neffati,后卫,2004-9-4,,
F,突尼斯,24,茨克哈尤,Raed Chikhaoui,后卫,2004-6-9,,
F,突尼斯,7,埃利亚斯·阿乔里,Elias Achouri,中场,1999-2-10,,
F,突尼斯,10,汉尼拔·梅布里,Hannibal Mejbri,中场,2003-1-21,,
F,突尼斯,12,莫塔达·奥内斯,Mortadha Ben Ouanes,中场,1994-7-2,,
F,突尼斯,13,拉尼·赫迪拉,Rani Khedira,中场,1994-1-27,,
F,突尼斯,15,哈吉·马哈茂德,Hadj Mahmoud,中场,2000-4-24,,
F,突尼斯,17,斯希里,Ellyes Skhiri,中场,1995-5-10,,
F,突尼斯,25,阿尼斯·苏莱曼,Anis Slimane,中场,2001-3-16,,
F,突尼斯,8,埃利亚斯·萨阿德,Elias Saad,前锋,1999-12-27,,
F,突尼斯,9,哈泽姆·马斯图里,Hazem Mastouri,前锋,1997-6-18,,
F,突尼斯,11,伊斯梅尔·加比,Ismael Gharbi,前锋,2004-4-10,,
F,突尼斯,14,哈尔伊尔·阿亚里,Khalil Ayari,前锋,2005-2-2,,
F,突尼斯,18,拉扬·埃罗米,Rayan Elloumi,前锋,2007-9-17,,
F,突尼斯,19,弗拉斯·查奥特,Firas Chaouat,前锋,1996-5-8,,
F,突尼斯,26,塞巴斯蒂安·图内克提,Sebastian Tounekti,前锋,2002-7-13,,
F,突尼斯,1,阿卜杜勒穆希卜·沙马赫,Abdelmouhib Chamakh,守门员,2001-8-25,,
F,突尼斯,16,艾门·达蒙,Aymen Dahmen,守门员,1997-1-28,,
F,突尼斯,22,本·赫森,Sabri Ben Hessen,守门员,1996-6-13,,
F,荷兰,2,海特勒伊达,Lutsharel Geertruida,后卫,2000-7-18,,
F,荷兰,4,范迪克,,后卫,1991-7-8,,
F,荷兰,5,阿克,Nathan Benjamin Ake,后卫,1995-2-18,,
F,荷兰,6,保罗·范海克,Jan Paul Van Hecke,后卫,2000-6-8,,
F,荷兰,15,范德芬,,后卫,2001-4-19,,
F,荷兰,22,邓弗里斯,Denzel Dumfries,后卫,1996-4-18,,
F,荷兰,25,约雷尔·哈托,Jorrel Hato,后卫,2006-3-7,,
F,荷兰,3,德容恩,,中场,1991-3-29,,
F,荷兰,8,赫拉芬贝赫,Ryan Jiro Gravenberch,中场,2002-5-16,,
F,荷兰,12,马茨·魏费尔,Mats Wieffer,中场,1999-11-16,,
F,荷兰,14,赖因德斯,Tijjani Reijnders,中场,1998-7-29,,
F,荷兰,16,古斯·蒂尔,Guus Til,中场,1997-12-22,,
F,荷兰,20,库普梅纳斯,Teun Koopmeiners,中场,1998-2-28,,
F,荷兰,21,弗兰基·德容,,中场,1997-5-12,,
F,荷兰,26,昆滕·廷贝尔,Quinten Timber,中场,2001-6-17,,
F,荷兰,7,克鲁伊维特,Justin Kluivert,前锋,1999-5-5,,
F,荷兰,9,韦格霍斯特,Wout Weghorst,前锋,1992-8-7,,
F,荷兰,10,德佩,Memphis Depay,前锋,1994-2-13,,
F,荷兰,11,加克波,Cody Mathes Gakpo,前锋,1999-5-7,,
F,荷兰,17,诺亚·朗,Noa Noell Lang,前锋,1999-6-17,,
F,荷兰,18,马伦,Donyell Malen,前锋,1999-1-19,,
F,荷兰,19,布莱恩·布罗比,Brian Ebenezer Adjei Brobbey,前锋,2002-2-1,,
F,荷兰,24,萨默维尔,Crysencio Summerville,前锋,2001-10-30,,
F,荷兰,1,维尔布鲁根,Bart Verbruggen,守门员,2002-8-18,,
F,荷兰,13,罗宾·罗埃夫斯,Robin Roefs,守门员,2003-1-17,,
F,荷兰,23,马克·弗莱肯,Mark Flekken,守门员,1993-6-13,,
G,伊朗,2,萨达特·哈达尼,Saadat Hardani,后卫,1998-12-26,,
G,伊朗,3,哈伊萨菲,Ehsan Hajysafi,后卫,1990-2-25,,
G,伊朗,4,哈里扎德,Shoja Khalilzadeh,后卫,1989-5-14,,
G,伊朗,5,米拉德·穆罕默迪,Milad Mohammadi,后卫,1993-9-29,,
G,伊朗,13,侯赛因·卡纳尼,Hossein Kanaani,后卫,1994-3-23,,
G,伊朗,17,阿里亚·尤塞菲,Aria Yousefi,后卫,2002-4-22,,
G,伊朗,19,阿里·内马蒂,Ali Nemati,后卫,1996-2-7,,
G,伊朗,23,雷扎里安,Ramin Rezaian Semeskandi,后卫,1990-3-21,,
G,伊朗,25,丹尼尔·埃里,Danial Eiri,后卫,2003-10-26,,
G,伊朗,6,埃扎托拉希,Saeid Ezatolahi Afagh,中场,1996-10-1,,
G,伊朗,14,萨曼·古多斯,Saman Ghoddos,中场,1993-9-6,,
G,伊朗,15,鲁兹贝·切什米,Roozbeh Cheshmi,中场,1993-6-24,,
G,伊朗,21,穆罕默德·戈尔巴尼,Mohammad Ghorbani,中场,2001-5-21,,
G,伊朗,26,阿米尔穆罕默德·拉扎吉尼亚,Amirmohammad Razzaghinia,中场,2006-4-11,,
G,伊朗,7,贾汉巴赫什,Alireza Jahanbakhsh,前锋,1993-8-11,,
G,伊朗,8,穆罕默德·莫赫比,Mohammad Mohebi,前锋,1998-12-20,,
G,伊朗,9,迈赫迪·塔雷米,Mehdi Taremi,前锋,1992-7-18,,
G,伊朗,10,迈赫迪·加埃迪,Mehdi Ghaedi,前锋,1998-12-5,,
G,伊朗,11,阿里普尔,Ali Alipour,前锋,1995-11-11,,
G,伊朗,16,托拉比,Mehdi Torabi,前锋,1994-9-10,,
G,伊朗,18,侯赛因扎德,Amirhossein Hosseinzadeh,前锋,2000-10-30,,
G,伊朗,20,沙赫里亚尔·莫汉卢,Shahriar Moghanlou,前锋,1994-12-21,,
G,伊朗,24,丹尼斯·埃克特,Dennis Eckert,前锋,1997-1-9,,
G,伊朗,1,阿里雷扎·贝兰万德,Alireza Beiranvand,守门员,1992-9-21,,
G,伊朗,12,尼亚兹曼德,Seyed Payam Niazmand,守门员,1995-4-6,,
G,伊朗,22,侯赛因·侯赛尼,Seyed Hossein Hosseini,守门员,1992-6-30,,
G,埃及,2,亚西尔·易卜拉欣,Yasser Ibrahim,后卫,1993-2-10,,
G,埃及,3,穆罕默德·哈尼,Mohamed Hany,后卫,1996-1-25,,
G,埃及,4,霍萨姆·阿卜杜勒马吉德,Hossam Abdelmaguid,后卫,2001-4-30,,
G,埃及,5,拉米·拉比亚,Ramy Rabia,后卫,1993-5-20,,
G,埃及,6,阿卜杜勒穆奈姆,Mohamed Abdel Monem,后卫,1999-2-1,,
G,埃及,13,艾哈迈德·法图赫,Ahmed Fatouh,后卫,1998-3-22,,
G,埃及,15,卡里米·哈菲兹,Karim Hafez,后卫,1996-3-12,,
G,埃及,8,埃玛姆·阿舒尔,Emam Ashour,中场,1998-2-20,,
G,埃及,14,哈姆迪·法蒂,Hamdi Fathy,中场,1994-9-29,,
G,埃及,17,穆哈纳德·拉辛,Mohanad Lasheen,中场,1996-5-29,,
G,埃及,18,纳比勒·阿马德,Nabil Emad,中场,1996-4-6,,
G,埃及,19,阿特亚,Marwan Ateya,中场,1998-8-12,,
G,埃及,21,马哈茂德·萨贝尔,Mahmoud Saber Abdelmohsen,中场,2001-7-30,,
G,埃及,24,塔雷克·阿拉,Tarek Alaa,中场,2003-1-1,,
G,埃及,7,穆罕默德·特雷泽盖,,前锋,1994-10-1,,
G,埃及,9,阿布德卡拉姆,Hamza Abdelkarim,前锋,2008-1-1,,
G,埃及,10,萨拉赫,Mohamed Salah Ghaly,前锋,1992-6-15,,
G,埃及,11,穆斯塔菲·济科,Mostafa Ziko,前锋,1997-4-27,,
G,埃及,12,海瑟姆·哈桑,Haissem Hassan,前锋,2002-2-8,,
G,埃及,20,易卜拉欣·阿代勒,Ibrahim Adel,前锋,2001-4-23,,
G,埃及,22,奥马尔·马尔穆什,Omar Marmoush,前锋,1999-2-7,,
G,埃及,25,齐佐,,前锋,1996-1-10,,
G,埃及,1,希纳维,Mohamed El Shenawy,守门员,1988-12-18,,
G,埃及,16,马赫迪·苏莱曼,El Mahdi Soliman,守门员,1987-6-8,,
G,埃及,23,乌法·肖贝尔,Oufa Shobeir,守门员,2000-3-17,,
G,埃及,26,穆罕默德·阿拉,Mohamed Alaa,守门员,1999-9-1,,
G,新西兰,2,蒂莫西·佩恩,Timothy Payne,后卫,1994-1-10,,
G,新西兰,3,德弗雷斯,Francis De Vries,后卫,1994-11-28,,
G,新西兰,4,泰勒·宾登,Tyler Bindon,后卫,2005-1-27,,
G,新西兰,5,博克索尔,Michael Boxall,后卫,1988-8-18,,
G,新西兰,13,利伯拉托·卡卡切,Liberato Gianpaolo Cacace,后卫,2000-9-27,,
G,新西兰,15,麦克加里,,后卫,1998-4-9,,
G,新西兰,16,芬恩·瑟曼,Finn Surman,后卫,2003-9-23,,
G,新西兰,24,卡兰·埃利奥特,Callan Elliot,后卫,1999-7-7,,
G,新西兰,26,汤米·史密斯,Tommy Smith,后卫,1990-3-31,,
G,新西兰,6,乔·贝尔,Joe Zen Robert Bell,中场,1999-4-27,,
G,新西兰,7,马修·加贝特,Matthew Garbett,中场,2002-4-13,,
G,新西兰,8,马尔科·斯塔梅尼奇,Marko Stamenic,中场,2002-2-19,,
G,新西兰,10,萨尔佩特·辛格,Sarpreet Singh,中场,1999-2-20,,
G,新西兰,14,亚历克斯·鲁费尔,Alex Rufer,中场,1996-6-12,,
G,新西兰,19,本·奥德,Ben Old,中场,2002-8-13,,
G,新西兰,20,卡伦·麦克柯沃特,,中场,1999-4-30,,
G,新西兰,23,瑞安·托马斯,Ryan Thomas,中场,1994-12-20,,
G,新西兰,25,拉克兰·贝利斯,Lachlan Bayliss,中场,2004-7-24,,
G,新西兰,9,克里斯·伍德,Christopher Grant Wood,前锋,1991-12-7,,
G,新西兰,11,贾斯特,Elijah Just,前锋,2000-5-1,,
G,新西兰,17,科斯塔·巴巴鲁塞斯,Kosta Barbarouses,前锋,1990-2-19,,
G,新西兰,18,本·韦恩,Ben Waine,前锋,2001-6-11,,
G,新西兰,21,杰西·兰德尔,Jesse Randall,前锋,2002-8-19,,
G,新西兰,1,克罗科姆,Max Crocombe,守门员,1993-8-12,,
G,新西兰,12,阿列谢·保尔森,Alex Paulsen,守门员,2002-7-4,,
G,新西兰,22,迈克尔·沃德,Michael Woud,守门员,1999-1-16,,
G,比利时,2,泽诺·德巴斯特,Zeno Koen Debast,后卫,2003-10-24,,
G,比利时,3,泰亚特,Arthur Theate,后卫,2000-5-25,,
G,比利时,4,布兰登·梅切勒,Brandon Mechele,后卫,1993-1-28,,
G,比利时,5,马克西姆·德库耶佩,,后卫,2000-12-22,,
G,比利时,15,穆尼耶,Thomas Meunier,后卫,1991-9-12,,
G,比利时,16,科尼·德温特,,后卫,2002-6-12,,
G,比利时,18,华金·塞斯,Joaquin Seys,后卫,2005-3-28,,
G,比利时,21,卡斯塔涅,Timothy Castagne,后卫,1995-12-5,,
G,比利时,25,内森·恩戈伊,Nathan Ngoy,后卫,2003-6-10,,
G,比利时,6,维特塞尔,Axel Witsel,中场,1989-1-12,,
G,比利时,7,德布劳内,Kevin De Bruyne,中场,1991-6-28,,
G,比利时,8,蒂莱曼斯,Youri Tielemans,中场,1997-5-7,,
G,比利时,17,德凯特拉雷,Charles De Ketelaere,中场,2001-3-10,,
G,比利时,19,迭戈·莫雷拉,Diego Moreira,中场,2004-8-6,,
G,比利时,20,瓦纳肯,Hans Vanaken,中场,1992-8-24,,
G,比利时,22,萨勒马科尔斯,Alexis Saelemaekers,中场,1999-6-27,,
G,比利时,23,尼古拉斯·拉斯金,Nicolas Thierry Raskin,中场,2001-2-23,,
G,比利时,24,阿马杜·奥纳纳,Amadou Onana,中场,2001-8-16,,
G,比利时,9,卢卡库,Romelu Lukaku,前锋,1993-5-13,,
G,比利时,10,特罗萨德,Leandro Trossard,前锋,1994-12-4,,
G,比利时,11,多库,Jeremy Doku,前锋,2002-5-27,,
G,比利时,14,卢克巴基奥,Dodi Lukebakio Ngandoli,前锋,1997-9-24,,
G,比利时,26,马蒂亚斯·费尔南德斯,,前锋,2005-2-3,,
G,比利时,1,库尔图瓦,Thibaut Nicolas Marc Courtois,守门员,1992-5-11,,
G,比利时,12,拉门斯,Senne Lammens,守门员,2002-7-7,,
G,比利时,13,迈克·彭德斯,Mike Penders,守门员,2005-7-31,,
H,乌拉圭,2,吉梅内斯,,后卫,1995-1-20,,
H,乌拉圭,3,塞巴斯蒂安·卡塞雷斯,Sebastian Enzo Caceres Ramos,后卫,1999-8-18,,
H,乌拉圭,4,罗纳德·阿劳霍,,后卫,1999-3-7,,
H,乌拉圭,13,吉列尔莫·瓦雷拉,Guillermo Varela Olivera,后卫,1993-3-24,,
H,乌拉圭,16,马蒂亚斯·奥利韦拉,,后卫,1997-10-31,,
H,乌拉圭,17,马蒂亚斯·比尼亚,Matias Nicolas Vina Susperreguy,后卫,1997-11-9,,
H,乌拉圭,22,华金·皮克雷斯,Joaquin Piquerez Moreira,后卫,1998-8-24,,
H,乌拉圭,24,圣地亚哥·布埃诺,Santiago Ignacio Bueno Sciutto,后卫,1998-11-9,,
H,乌拉圭,5,曼努埃尔·乌加特,Manuel Ugarte Ribeiro,中场,2001-4-11,,
H,乌拉圭,6,本坦库尔,Rodrigo Bentancur Colman,中场,1997-6-25,,
H,乌拉圭,7,德拉科鲁兹,Diego Nicolas De La Cruz Arcosa,中场,1997-6-1,,
H,乌拉圭,8,巴尔韦德,Santiago Federico Valverde Dipetta,中场,1998-7-22,,
H,乌拉圭,10,德阿拉斯凯塔,Giorgian Daniel De Arrascaeta Benedetti,中场,1994-6-1,,
H,乌拉圭,15,埃米利亚诺·马丁内斯,Emiliano Martinez Toranza,中场,1999-8-17,,
H,乌拉圭,20,阿劳霍,Maximiliano Javier Araujo Vilches,中场,2000-2-15,,
H,乌拉圭,25,胡安·萨纳夫里亚,Juan Manuel Sanabria,中场,2000-3-29,,
H,乌拉圭,26,罗德里戈·扎拉扎尔,Rodrigo Zalazar,中场,1999-8-12,,
H,乌拉圭,9,努涅斯,Darwin Gabriel Nunez Ribeiro,前锋,1999-6-24,,
H,乌拉圭,11,法昆多·佩利斯特里,Facundo Pellistri Rebollo,前锋,2001-12-20,,
H,乌拉圭,14,奥古斯丁·卡诺比奥,Agustin Canobbio Graviz,前锋,1998-10-1,,
H,乌拉圭,18,布里安·罗德里格斯,Paul Brian Rodriguez Bravo,前锋,2000-5-20,,
H,乌拉圭,19,罗德里戈·阿吉雷,Rodrigo Sebastian Aguirre Soto,前锋,1994-10-1,,
H,乌拉圭,21,费德里科·比尼亚斯,Federico Sebastian Vinas Barboza,前锋,1998-6-30,,
H,乌拉圭,1,塞尔吉奥·罗切特,Sergio Rochet Alvarez,守门员,1993-3-23,,
H,乌拉圭,12,圣地亚哥·梅莱,Santiago Andres Mele Castanero,守门员,1997-9-6,,
H,乌拉圭,23,穆斯莱拉,Fernando Muslera,守门员,1986-6-16,,
H,佛得角,2,斯托皮拉,,后卫,1988-5-20,,
H,佛得角,3,博格斯,Edilson Alberto Monteiro Sanches Borges,后卫,1995-1-17,,
H,佛得角,4,罗伯托·洛佩斯,Roberto Lopes,后卫,1992-6-17,,
H,佛得角,5,洛根·科斯塔,Logan Costa,后卫,2001-4-1,,
H,佛得角,13,西德尼·卡布拉尔,Sidny Lopes Cabral,后卫,2002-9-18,,
H,佛得角,22,史蒂芬·莫雷拉,Steven Moreira,后卫,1994-8-13,,
H,佛得角,24,瓦格纳·皮纳,Wagner Pina,后卫,2002-11-3,,
H,佛得角,25,凯文·皮雷斯,Kelvin Pires,后卫,2000-6-5,,
H,佛得角,6,凯文·皮纳,,中场,1997-1-27,,
H,佛得角,8,若昂·保罗,Joao Paulo Moreira Fernandes,中场,1998-5-26,,
H,佛得角,10,雅米罗·蒙泰罗,Jamiro Gregory Monteiro Alvarenga,中场,1993-11-23,,
H,佛得角,14,德洛伊·杜阿尔特,Deroy Duarte,中场,1999-7-4,,
H,佛得角,15,劳罗斯·杜阿尔特,,中场,1997-2-28,,
H,佛得角,16,扬尼克·塞梅多,Yannick Semedo,中场,1995-12-29,,
H,佛得角,18,泰尔莫·阿坎霍,Telmo Arcanjo,中场,2001-6-21,,
H,佛得角,7,若瓦内·卡布拉尔,Jovane Eduardo Borges Cabral,前锋,1998-6-14,,
H,佛得角,9,吉尔森·塔瓦雷斯,Gilson Tavares,前锋,2001-12-29,,
H,佛得角,11,加里·罗德里格斯,Garry Rodrigues,前锋,1990-11-27,,
H,佛得角,17,威利·塞梅多,Willy Semedo,前锋,1994-4-27,,
H,佛得角,19,罗查·利夫拉门托,Dailon Rocha Livramento,前锋,2001-5-4,,
H,佛得角,20,瑞安·门德斯,,前锋,1990-1-8,,
H,佛得角,21,努诺·达科斯塔,,前锋,1991-2-10,,
H,佛得角,26,瓦雷拉,Helio Sandro Oliveira Alves Varela,前锋,2002-5-3,,
H,佛得角,1,沃齐尼亚,Josimar Dias Vozinha,守门员,1986-6-3,,
H,佛得角,12,马尔西奥·罗萨,Marcio Salomao Brazao Rosa,守门员,1997-2-23,,
H,佛得角,23,卡洛斯·多斯桑托斯,Carlos Joaquim Antunes Dos Santos,守门员,2000-8-24,,
H,沙特阿拉伯,2,马吉拉希,Ali Majrashi,后卫,1999-10-1,,
H,沙特阿拉伯,3,阿里·拉贾米,Ali Lajami,后卫,1996-4-24,,
H,沙特阿拉伯,4,阿卜杜拉·阿姆里,Abdulelah Al Amri,后卫,1997-1-15,,
H,沙特阿拉伯,5,哈桑·坦巴蒂,Hassan Altambakti,后卫,1999-2-9,,
H,沙特阿拉伯,12,阿卜杜勒哈米德,Saud Abdulhamid,后卫,1999-7-18,,
H,沙特阿拉伯,13,纳瓦夫·布歇尔,,后卫,1999-9-16,,
H,沙特阿拉伯,14,哈桑·卡德什,Hasan Kadesh,后卫,1992-8-1,,
H,沙特阿拉伯,24,莫泰卜·哈尔比,Moteb Al Harbi,后卫,2000-2-19,,
H,沙特阿拉伯,25,吉哈德·塔克里,Jehad Thakri,后卫,2001-7-21,,
H,沙特阿拉伯,26,穆罕默德·阿布沙马特,,后卫,2002-8-11,,
H,沙特阿拉伯,6,纳赛尔·达乌萨里,,中场,1998-12-19,,
H,沙特阿拉伯,7,穆萨卜·朱维尔,Musab Fahz Aljuwayr,中场,2003-6-20,,
H,沙特阿拉伯,8,艾曼·亚哈亚,Ayman Yahya Salem,中场,2001-5-14,,
H,沙特阿拉伯,15,阿卜杜拉·海巴里,Abdullah Al Khaibari,中场,1996-8-16,,
H,沙特阿拉伯,16,齐亚德·约哈尼,Ziyad Al Johani,中场,2001-11-11,,
H,沙特阿拉伯,18,阿拉·赫吉,,中场,1995-12-3,,
H,沙特阿拉伯,23,穆罕默德·卡努,Mohamed Kanno,中场,1994-9-22,,
H,沙特阿拉伯,9,菲尔斯·阿尔比拉坎,,前锋,2000-5-14,,
H,沙特阿拉伯,10,萨勒姆·达瓦萨里,Salem Al Dawsari,前锋,1991-8-19,,
H,沙特阿拉伯,11,萨利赫·谢赫里,,前锋,1993-11-1,,
H,沙特阿拉伯,17,哈立德·加纳姆,,前锋,2000-11-7,,
H,沙特阿拉伯,19,阿卜杜拉·哈姆丹,Abdullah Al Hamdan,前锋,1999-9-12,,
H,沙特阿拉伯,20,苏丹·曼达什,Sultan Mandash,前锋,1994-10-17,,
H,沙特阿拉伯,1,纳瓦夫·阿奇迪,,守门员,2000-5-10,,
H,沙特阿拉伯,21,穆罕默德·奥韦斯,,守门员,1991-10-10,,
H,沙特阿拉伯,22,艾哈迈德·卡萨尔,Ahmed Al Kassar,守门员,1991-5-8,,
H,西班牙,2,普比尔,Marc Pubill Pages,后卫,2003-6-20,,
H,西班牙,3,格里马尔多,Alex Grimaldo,后卫,1995-9-20,,
H,西班牙,4,埃里克·加西亚,Eric Garcia Martret,后卫,2001-1-9,,
H,西班牙,12,佩德罗·波罗,Pedro Porro,后卫,1999-9-13,,
H,西班牙,14,拉波尔特,Aymeric Laporte,后卫,1994-5-27,,
H,西班牙,22,保·库巴西,Pau Cubarsi Paredes,后卫,2007-1-22,,
H,西班牙,24,库库雷利亚,Marc Cucurella Saseta,后卫,1998-7-22,,
H,西班牙,5,马科斯·略伦特,Marcos Llorente Moreno,中场,1995-1-30,,
H,西班牙,6,梅里诺,Mikel Merino Zazon,中场,1996-6-22,,
H,西班牙,8,法维安·鲁伊斯,Fabian Ruiz Pena,中场,1996-4-3,,
H,西班牙,9,巴勃罗·加维,Pablo Martin Paez Gavira,中场,2004-8-5,,
H,西班牙,10,奥尔莫,Daniel Olmo Carvajal,中场,1998-5-7,,
H,西班牙,15,巴埃纳,Alejandro Baena Rodriguez,中场,2001-7-20,,
H,西班牙,16,罗德里·埃尔南德斯,,中场,1996-6-22,,
H,西班牙,18,苏比门迪,Martin Zubimendi Ibanez,中场,1999-2-2,,
H,西班牙,20,佩德里,,中场,2002-11-25,,
H,西班牙,7,费兰·托雷斯,Ferran Torres Garcia,前锋,2000-2-29,,
H,西班牙,11,耶雷米·皮诺,Yeremi Jesus Pino Santos,前锋,2002-10-20,,
H,西班牙,17,尼科·威廉姆斯,Nico Williams,前锋,2002-7-12,,
H,西班牙,19,拉明·亚马尔,Lamine Yamal Nasraoui Ebana,前锋,2007-7-13,,
H,西班牙,21,奥亚萨瓦尔,Mikel Oyarzabal Ugarte,前锋,1997-4-21,,
H,西班牙,25,维克多·穆尼奥斯,Victor Munoz,前锋,2003-7-13,,
H,西班牙,26,博尔哈·伊格莱西亚斯,Borja Iglesias Quintas,前锋,1993-1-17,,
H,西班牙,1,大卫·拉亚,David Raya,守门员,1995-9-15,,
H,西班牙,13,霍安·加西亚,Joan Garcia,守门员,2001-5-4,,
H,西班牙,23,乌奈·西蒙,Unai Simon Mendibil,守门员,1997-6-11,,
I,伊拉克,2,雷宾·苏拉卡,Rebin Sulaka,后卫,1992-4-12,,
I,伊拉克,3,侯赛因·阿里,Hussein Ali,后卫,2002-3-1,,
I,伊拉克,4,扎伊德·塔希恩,Zaid Tahseen,后卫,2001-1-29,,
I,伊拉克,5,阿卡姆·哈希姆,Akam Hashem,后卫,1998-8-16,,
I,伊拉克,6,马纳夫·尤尼斯,Manaf Younis,后卫,1996-11-16,,
I,伊拉克,15,艾哈迈德·叶海亚,Ahmed Yahya,后卫,1995-7-1,,
I,伊拉克,23,多斯基,Merchas Doski,后卫,1999-12-7,,
I,伊拉克,25,穆斯塔法·萨杜恩,Mustafa Saadoon,后卫,2001-5-25,,
I,伊拉克,26,弗兰斯·普特罗斯,Frans Dhia Putros,后卫,1993-7-14,,
I,伊拉克,7,优素福·阿明,Youssef Amyn,中场,2003-8-21,,
I,伊拉克,8,易卜拉欣·巴耶什,Ibraheem Bayesh,中场,2000-5-1,,
I,伊拉克,11,艾哈迈德·卡西姆,Ahmed Qasem,中场,2003-7-12,,
I,伊拉克,14,齐达内·伊克巴尔,Zidane Aamar Iqbal,中场,2003-4-27,,
I,伊拉克,16,阿米尔·阿马里,,中场,1997-7-27,,
I,伊拉克,17,阿里·贾西姆,,中场,2004-1-20,,
I,伊拉克,19,凯文·雅各布,Kevin Yakob,中场,2000-10-10,,
I,伊拉克,20,谢尔,Aimar Sher,中场,2002-12-20,,
I,伊拉克,21,马科·法吉,Marko Farji,中场,2004-3-16,,
I,伊拉克,24,扎伊德·伊斯梅尔,Zaid Ismail,中场,2002-1-3,,
I,伊拉克,9,阿里·哈马迪,,前锋,2002-3-1,,
I,伊拉克,10,穆罕默德·阿里,Muhanad Ali,前锋,2000-6-20,,
I,伊拉克,13,阿里·哈希姆,Ali Yousif Hashim,前锋,1996-1-19,,
I,伊拉克,18,艾曼·侯赛因,Aymen Hussein,前锋,1996-3-22,,
I,伊拉克,1,法哈德·塔利布,Fahad Talib Raheem,守门员,1994-10-21,,
I,伊拉克,12,贾拉尔·哈桑,Jalal Hassan Hachim,守门员,1991-5-18,,
I,伊拉克,22,艾哈迈德·巴希尔,Ahmed Basil,守门员,1996-8-19,,
I,塞内加尔,2,马马杜·萨尔,Mamadou Sarr,后卫,2005-8-29,,
I,塞内加尔,3,库利巴利,Kalidou Koulibaly,后卫,1991-6-20,,
I,塞内加尔,4,阿卜杜拉耶·塞克,Abdoulaye Seck,后卫,1992-6-4,,
I,塞内加尔,14,伊斯梅尔·雅各布斯,Ismail Jakobs,后卫,1999-8-17,,
I,塞内加尔,19,尼亚凯特,Moussa Niakhate,后卫,1996-3-8,,
I,塞内加尔,24,安托万·门迪,Antoine Mendy,后卫,2004-5-27,,
I,塞内加尔,5,盖耶,Idrissa Gana Gueye,中场,1989-9-26,,
I,塞内加尔,6,帕瑟·西塞,Pathe Ciss,中场,1994-3-16,,
I,塞内加尔,8,拉明·卡马拉,Lamine Camara,中场,2004-1-1,,
I,塞内加尔,15,克雷平·迪亚塔,Krepin Diatta,中场,1999-2-25,,
I,塞内加尔,17,帕普·萨尔,Pape Matar Sarr,中场,2002-9-14,,
I,塞内加尔,21,哈比布·迪亚拉,Habib Diarra,中场,2004-1-3,,
I,塞内加尔,22,巴拉·恩迪亚耶,Bara Sapoko Ndiaye,中场,2007-12-31,,
I,塞内加尔,25,马利克·迪乌夫,El Hadji Malick Diouf,中场,2004-12-28,,
I,塞内加尔,26,帕普·盖耶,Pape Gueye,中场,1999-1-24,,
I,塞内加尔,7,阿萨内·迪奥,Assane Diao Diaoune,前锋,2005-9-7,,
I,塞内加尔,9,班巴·迪昂,Bamba Dieng,前锋,2000-3-23,,
I,塞内加尔,10,马内,Sadio Mane,前锋,1992-4-10,,
I,塞内加尔,11,杰克逊,Nicolas Jackson,前锋,2001-6-20,,
I,塞内加尔,12,恩迪亚耶,Cherif Ndiaye,前锋,1996-1-23,,
I,塞内加尔,13,伊利曼·恩迪亚耶,Iliman Ndiaye,前锋,2000-3-6,,
I,塞内加尔,18,伊斯梅拉·萨尔,Ismaila Sarr,前锋,1998-2-25,,
I,塞内加尔,20,易卜拉欣·姆巴耶,Ibrahim Mbaye,前锋,2008-1-24,,
I,塞内加尔,1,迪乌夫,Yehvann Diouf,守门员,1999-11-16,,
I,塞内加尔,16,爱德华·门迪,Edouard Mendy,守门员,1992-3-1,,
I,塞内加尔,23,莫里·迪亚,Mory Diaw,守门员,1993-6-22,,
I,挪威,3,阿耶尔,Kristoffer Vassbakk Ajer,后卫,1998-4-17,,
I,挪威,4,利奥·厄斯蒂高,Leo Ostigard,后卫,1999-11-28,,
I,挪威,5,大卫·沃尔夫,David Moller Wolfe,后卫,2002-4-23,,
I,挪威,15,弗雷德里克·布尔坎,Fredrik Andre Bjorkan,后卫,1998-8-21,,
I,挪威,16,马库斯·佩德森,Marcus Holmgren Pedersen,后卫,2000-7-16,,
I,挪威,17,托尔霍恩·赫格姆,Torbjorn Lysaker Heggem,后卫,1999-1-12,,
I,挪威,24,桑德雷·朗格斯,Sondre Klingen Langas,后卫,2001-2-2,,
I,挪威,25,亨里克·法尔彻纳尔,Henrik Falchener,后卫,2003-5-8,,
I,挪威,26,瑞尔森,Julian Ryerson,后卫,1997-11-17,,
I,挪威,2,托尔斯比,Morten Thorsby,中场,1996-5-5,,
I,挪威,6,帕特里克·贝格,Patrick Berg,中场,1997-11-24,,
I,挪威,8,桑德尔·博格,Sander Berge,中场,1998-2-14,,
I,挪威,10,厄德高,Martin Odegaard,中场,1998-12-17,,
I,挪威,14,弗雷德里克·奥尔斯内斯,Fredrik Aursnes,中场,1995-12-10,,
I,挪威,18,克里斯蒂安·索尔茨维特,Kristian Thorstvedt,中场,1999-3-13,,
I,挪威,19,泰洛·阿斯高,Thelo Aasgaard,中场,2002-5-2,,
I,挪威,7,瑟洛特,Alexander Sorloth,前锋,1995-12-5,,
I,挪威,9,哈兰德,Erling Braut Haaland,前锋,2000-7-21,,
I,挪威,11,尤尔根·拉尔森,Jorgen Strand Larsen,前锋,2000-2-6,,
I,挪威,20,安东尼奥·努萨,Antonio Nusa,前锋,2005-4-17,,
I,挪威,21,谢尔德鲁普,Andreas Schjelderup,前锋,2004-6-1,,
I,挪威,22,奥斯卡·鲍勃,Oscar Bobb,前锋,2003-7-12,,
I,挪威,23,延斯·海于格,Jens Hauge,前锋,1999-10-12,,
I,挪威,1,尼兰,Orjan Haskjold Nyland,守门员,1990-9-10,,
I,挪威,12,桑德·唐维克,Sander Tangvik,守门员,2002-11-29,,
I,挪威,13,塞尔维克,Egil Selvik,守门员,1997-7-30,,
I,法国,2,马洛·古斯托,Malo Gusto,后卫,2003-5-19,,
I,法国,3,迪涅,Lucas Digne,后卫,1993-7-20,,
I,法国,4,于帕梅卡诺,Dayot Upamecano,后卫,1998-10-27,,
I,法国,5,孔德,Jules Kounde,后卫,1998-11-12,,
I,法国,15,科纳特,Ibrahima Konate,后卫,1999-5-25,,
I,法国,17,萨利巴,William Alain Andre Gabriel Saliba,后卫,2001-3-24,,
I,法国,19,特奥·埃尔南德斯,Theo Hernandez,后卫,1997-10-6,,
I,法国,21,卢卡斯·埃尔南德斯,Lucas Francois Bernard Hernandez,后卫,1996-2-14,,
I,法国,26,马克桑斯·拉克鲁瓦,Maxence Lacroix,后卫,2000-4-6,,
I,法国,6,夸迪奥·科内,Kouadio Kone,中场,2001-5-17,,
I,法国,8,琼阿梅尼,Aurelien Djani Tchouameni,中场,2000-1-27,,
I,法国,11,迈克尔·奥利塞,Michael Olise,中场,2001-12-12,,
I,法国,13,坎特,,中场,1991-3-29,,
I,法国,14,拉比奥特,Adrien Rabiot,中场,1995-4-3,,
I,法国,18,扎伊尔·埃梅里,,中场,2006-3-8,,
I,法国,25,阿克利乌什,Maghnes Akliouche,中场,2002-2-25,,
I,法国,7,登贝莱,Ousmane Dembele,前锋,1997-5-15,,
I,法国,9,马库斯·图拉姆,,前锋,1997-8-6,,
I,法国,10,姆巴佩,Kylian Mbappe Lottin,前锋,1998-12-20,,
I,法国,12,布拉德利·巴尔科拉,Bradley Barcola,前锋,2002-9-2,,
I,法国,20,德西雷·杜埃,Desire Doue,前锋,2005-6-3,,
I,法国,22,马特塔,,前锋,1997-6-28,,
I,法国,24,切尔基,Rayan Mathis Cherki,前锋,2003-8-17,,
I,法国,1,布莱斯·桑巴,Brice Samba,守门员,1994-4-25,,
I,法国,16,迈尼昂,Mike Maignan,守门员,1995-7-3,,
I,法国,23,罗宾·里塞,Robin Risser,守门员,2004-12-2,,
J,奥地利,2,阿芬格鲁贝尔,David Affengruber,后卫,2001-3-19,,
J,奥地利,3,丹索,Kevin Danso,后卫,1998-9-19,,
J,奥地利,5,斯特凡·波施,Stefan Posch,后卫,1997-5-14,,
J,奥地利,8,阿拉巴,David Alaba,后卫,1992-6-24,,
J,奥地利,15,菲利普·林哈特,Philipp Lienhart,后卫,1996-7-11,,
J,奥地利,16,菲利普·姆韦内,Phillipp Mwene,后卫,1994-1-29,,
J,奥地利,22,亚历山大·普拉斯,Alexander Prass,后卫,2001-5-26,,
J,奥地利,23,弗里德尔,Marco Friedl,后卫,1998-3-16,,
J,奥地利,25,迈克尔·斯沃博达,Michael Svoboda,后卫,1998-10-15,,
J,奥地利,,德扬·柳比契奇,Dejan Ljubicic,中场,1997-10-8,,
J,奥地利,4,施拉格尔,Xaver Schlager,中场,1997-9-28,,
J,奥地利,6,尼古拉斯·赛瓦尔德,Nicolas Seiwald,中场,2001-5-4,,
J,奥地利,9,马塞尔·萨比策,Marcel Sabitzer,中场,1994-3-17,,
J,奥地利,10,弗洛里安·格里利奇,Florian Grillitsch,中场,1995-8-7,,
J,奥地利,17,楚克乌梅卡,Carney Chukwuemeka,中场,2003-10-20,,
J,奥地利,18,罗曼诺·施密德,Romano Schmid,中场,2000-1-27,,
J,奥地利,20,康拉德·莱默尔,Konrad Laimer,中场,1997-5-27,,
J,奥地利,21,维默尔,Patrick Wimmer,中场,2001-5-30,,
J,奥地利,24,保罗·万纳,Paul Wanner,中场,2005-12-23,,
J,奥地利,26,舍普夫,Alessandro Schopf,中场,1994-2-7,,
J,奥地利,7,马尔科·阿瑙托维奇,Marko Arnautovic,前锋,1989-4-19,,
J,奥地利,11,迈克尔·格雷戈里奇,Michael Gregoritsch,前锋,1994-4-18,,
J,奥地利,14,卡莱季奇,Sasa Kalajdzic,前锋,1997-7-7,,
J,奥地利,1,亚历山大·施拉格尔,Alexander Schlager,守门员,1996-2-1,,
J,奥地利,12,弗洛里安·维格勒,Florian Wiegele,守门员,2001-3-21,,
J,奥地利,13,帕特里克·彭茨,Patrick Pentz,守门员,1997-1-2,,
J,约旦,2,阿布·哈希什,Mohammad Abu Hasheesh,后卫,1995-5-9,,
J,约旦,3,阿卜杜拉·纳西布,Abdallah Nasib,后卫,1994-2-25,,
J,约旦,4,阿布达哈伯,Husam Abu Dahab,后卫,2000-5-13,,
J,约旦,5,亚赞·阿拉伯,,后卫,1996-1-31,,
J,约旦,16,穆罕默德·阿布尔纳迪,Mohammad Abualnadi,后卫,2001-2-8,,
J,约旦,17,萨利姆·奥贝德,Saleem Obaid,后卫,1992-1-17,,
J,约旦,19,阿尔洛桑,,后卫,1997-2-1,,
J,约旦,20,阿布·塔哈,Mohannad Abu Taha,后卫,2003-3-2,,
J,约旦,23,埃森·哈达迪,Ehsan Manel Haddad,后卫,1994-2-5,,
J,约旦,26,阿纳斯·巴达维,Anas Badawi,后卫,1997-9-13,,
J,约旦,6,阿米尔·贾穆斯,Amer Jamous,中场,2002-7-3,,
J,约旦,8,拉瓦比德,,中场,1997-2-24,,
J,约旦,11,奥德·法胡里,,中场,2005-11-20,,
J,约旦,14,拉贾伊·阿伊德,Rajai Ayed Fadel Hassan,中场,1993-7-25,,
J,约旦,15,易卜拉辛·萨德哈,Ibrahim Mohammad Sami Sadeh,中场,2000-4-27,,
J,约旦,21,阿尔拉沙丹,Nizar Mahmoud Al Rashdan,中场,1999-3-23,,
J,约旦,25,穆罕默德·达沃德,Mohammad Al Dawoud,中场,1992-12-4,,
J,约旦,7,阿布·扎里克,Mohammad Abu Zreq,前锋,1997-12-30,,
J,约旦,9,阿里·奥尔万,Ali Iyad Ali Olwan,前锋,2000-3-26,,
J,约旦,10,穆萨·塔马里,Musa Al Taamari,前锋,1997-6-10,,
J,约旦,13,马赫默德·阿尔马迪,,前锋,1993-10-6,,
J,约旦,18,易卜拉欣·萨布拉,Ibrahim Sabra,前锋,2006-2-1,,
J,约旦,24,阿里·阿扎扎,,前锋,2004-4-13,,
J,约旦,1,亚奇德·阿布拉伊拉,Yazid Moeen Hasan Abu Layla,守门员,1993-1-8,,
J,约旦,12,诺雷丁·阿特亚赫,Noureddin Ateyah,守门员,1993-1-25,,
J,约旦,22,阿尔法库里,Abdallah Al Fakhouri,守门员,2000-1-22,,
J,阿尔及利亚,2,埃萨·曼迪,Aissa Mandi,后卫,1991-10-22,,
J,阿尔及利亚,3,阿赫里夫·阿巴达,Achref Abada,后卫,1999-6-15,,
J,阿尔及利亚,4,穆罕默德·图盖,Mohamed Tougai,后卫,2000-1-22,,
J,阿尔及利亚,5,齐内丁·贝莱德,Zineddine Belaid,后卫,1999-3-20,,
J,阿尔及利亚,13,乔奥恩·哈德赞,Jaouen Hadjam,后卫,2003-3-26,,
J,阿尔及利亚,15,艾特·努里,Rayan Ait Nouri,后卫,2001-6-6,,
J,阿尔及利亚,17,贝尔加利,Rafik Belghali,后卫,2002-6-7,,
J,阿尔及利亚,21,本塞拜尼,Ramy Bensebaini,后卫,1995-4-16,,
J,阿尔及利亚,26,萨米尔·切尔古伊,Samir Chergui,后卫,1999-2-6,,
J,阿尔及利亚,6,拉米兹·泽鲁基,Ramiz Zerrouki,中场,1998-5-26,,
J,阿尔及利亚,8,奥亚尔,Houssem Aouar,中场,1998-6-30,,
J,阿尔及利亚,10,费雷斯·柴比,Fares Chaibi,中场,2002-11-28,,
J,阿尔及利亚,14,鲍达乌,Hichem Boudaoui,中场,1999-9-23,,
J,阿尔及利亚,19,本塔莱布,Nabil Bentaleb,中场,1994-11-24,,
J,阿尔及利亚,22,易卜拉欣·马扎,Ibrahim Maza,中场,2005-11-24,,
J,阿尔及利亚,24,亚辛·蒂特拉维,Yacine Titraoui,中场,2003-7-26,,
J,阿尔及利亚,7,马赫雷斯,Riyad Mahrez,前锋,1991-2-21,,
J,阿尔及利亚,9,高尔利,Amine Gouiri,前锋,2000-2-16,,
J,阿尔及利亚,11,阿尼斯·穆萨,Anis Hadj Moussa,前锋,2002-2-11,,
J,阿尔及利亚,12,纳迪尔·本布利,Nadir Benbouali,前锋,2000-4-17,,
J,阿尔及利亚,18,穆罕默德·阿穆拉,Mohamed Amoura,前锋,2000-5-9,,
J,阿尔及利亚,20,阿迪勒·布勒比纳,Adil Boulbina,前锋,2003-5-2,,
J,阿尔及利亚,25,盖杰米,Fares Ghedjemis,前锋,2002-9-6,,
J,阿尔及利亚,1,梅尔文·马斯蒂尔,Melvin Mastil,守门员,2000-2-19,,
J,阿尔及利亚,16,奥萨马·本布,Oussama Benbout,守门员,1994-10-11,,
J,阿尔及利亚,23,卢卡·齐达内,Luca Zidane Fernandez,守门员,1998-5-13,,
J,阿根廷,,马科斯·塞内西,Marcos Senesi,后卫,1997-5-10,,
J,阿根廷,3,塔里亚菲科,Nicolas Alejandro Tagliafico,后卫,1992-8-31,,
J,阿根廷,4,蒙铁尔,Gonzalo Ariel Montiel,后卫,1997-1-1,,
J,阿根廷,6,利桑德罗·马丁内斯,Lisandro Martinez,后卫,1998-1-18,,
J,阿根廷,13,罗梅罗,Cristian Romero,后卫,1998-4-27,,
J,阿根廷,19,奥塔门迪,Nicolas Hernan Gonzalo Otamendi,后卫,1988-2-12,,
J,阿根廷,25,梅迪纳,Facundo Medina,后卫,1999-5-28,,
J,阿根廷,26,莫利纳,Nahuel Molina Lucero,后卫,1998-4-6,,
J,阿根廷,5,帕雷德斯,Leandro Daniel Paredes,中场,1994-6-29,,
J,阿根廷,7,德保罗,,中场,1994-5-24,,
J,阿根廷,8,瓦伦丁·巴科,Valentin Barco,中场,2004-7-23,,
J,阿根廷,11,洛塞尔索,Giovani Lo Celso,中场,1996-4-9,,
J,阿根廷,14,帕拉西奥斯,Exequiel Palacios,中场,1998-10-5,,
J,阿根廷,18,尼科·帕斯,Nicolas Paz Martinez,中场,2004-9-8,,
J,阿根廷,20,麦卡利斯特,Alexis Mac Allister,中场,1998-12-24,,
J,阿根廷,24,恩佐·费尔南德斯,Enzo Jeremias Fernandez,中场,2001-1-17,,
J,阿根廷,9,阿尔瓦雷斯,Julian Alvarez,前锋,2000-1-31,,
J,阿根廷,10,梅西,Lionel Andres Messi Cuccittini,前锋,1987-6-24,,
J,阿根廷,15,尼克拉斯·冈萨雷斯,Nicolas Ivan Gonzalez,前锋,1998-4-6,,
J,阿根廷,16,阿尔马达,Thiago Almada,前锋,2001-4-26,,
J,阿根廷,17,朱利亚诺·西蒙尼,Giuliano Simeone,前锋,2002-12-18,,
J,阿根廷,21,何塞·洛佩斯,Jose Manuel Lopez,前锋,2000-12-6,,
J,阿根廷,22,劳塔罗·马丁内斯,Lautaro Javier Martinez,前锋,1997-8-22,,
J,阿根廷,1,胡安·穆索,Juan Musso,守门员,1994-5-6,,
J,阿根廷,12,鲁利,Geronimo Rulli,守门员,1992-5-20,,
J,阿根廷,23,马丁内斯,Damian Emiliano Martinez,守门员,1992-9-2,,
K,乌兹别克斯坦,2,阿卜杜卡迪尔·胡桑诺夫,Abdukodir Khusanov,后卫,2004-2-29,,
K,乌兹别克斯坦,3,霍吉阿克巴尔·阿里若诺夫,Khojiakbar Alijonov,后卫,1997-4-19,,
K,乌兹别克斯坦,4,赛义费耶夫,Farrukh Sayfiev,后卫,1991-1-17,,
K,乌兹别克斯坦,5,阿舒尔马托夫,Rustamjon Ashurmatov,后卫,1996-7-7,,
K,乌兹别克斯坦,13,纳斯鲁拉耶夫,Sherzod Nasrulloev,后卫,1998-7-23,,
K,乌兹别克斯坦,15,埃斯姆拉多夫,Umar Eshmuradov,后卫,1992-11-30,,
K,乌兹别克斯坦,18,阿卜杜拉耶夫,Abdulla Abdullaev,后卫,1997-9-1,,
K,乌兹别克斯坦,24,卡里莫夫,Bekhruzdzhon Karimov,后卫,2007-8-7,,
K,乌兹别克斯坦,25,乌尔马萨列夫,Avazbek Ulmasaliev,后卫,2000-3-27,,
K,乌兹别克斯坦,26,贾汉吉尔·乌罗佐夫,Jakhongir Urozov,后卫,2004-1-18,,
K,乌兹别克斯坦,6,莫兹戈沃伊,Akmal Mozgovoy,中场,1999-4-2,,
K,乌兹别克斯坦,7,舒库罗夫,Otabek Shukurov,中场,1996-6-22,,
K,乌兹别克斯坦,8,伊斯坎德罗夫,Djamshid Iskandarov,中场,1993-10-16,,
K,乌兹别克斯坦,9,哈姆罗贝科夫,Odiljon Hamrobekov,中场,1996-2-13,,
K,乌兹别克斯坦,11,奥斯顿·乌鲁诺夫,Oston Urunov,中场,2000-12-19,,
K,乌兹别克斯坦,19,阿齐兹琼·加涅夫,Azizjon Ganiev,中场,1998-2-22,,
K,乌兹别克斯坦,22,法伊祖拉耶夫,Abbosbek Fayzullayev,中场,2003-10-3,,
K,乌兹别克斯坦,23,谢尔佐德·伊萨诺夫,Sherzod Esanov,中场,2003-2-1,,
K,乌兹别克斯坦,10,马沙里波夫,Jaloliddin Masharipov,前锋,1993-9-1,,
K,乌兹别克斯坦,14,肖穆罗多夫,Eldor Shomurodov,前锋,1995-6-29,,
K,乌兹别克斯坦,17,哈姆达莫夫,Dostonbek Khamdamov,前锋,1996-7-24,,
K,乌兹别克斯坦,20,阿齐兹贝克·阿莫诺夫,Azizbek Amonov,前锋,1997-10-30,,
K,乌兹别克斯坦,21,谢尔盖耶夫,Igor Sergeev,前锋,1993-4-30,,
K,乌兹别克斯坦,1,乌特基尔·尤斯波夫,Utkir Yusupov,守门员,1991-1-4,,
K,乌兹别克斯坦,12,阿杜瓦希德·内马托夫,Abduvakhid Nematov,守门员,2001-3-20,,
K,乌兹别克斯坦,16,叶尔加舍夫,Botir Ergashev,守门员,1995-6-23,,
K,哥伦比亚,2,丹尼尔·穆尼奥斯,Daniel Munoz Mejia,后卫,1996-5-26,,
K,哥伦比亚,3,卢库米,Jhon Janer Lucumi Bonilla,后卫,1998-6-26,,
K,哥伦比亚,4,阿里亚斯,Santiago Arias Naranjo,后卫,1992-1-13,,
K,哥伦比亚,13,米纳,Yerry Fernando Mina Gonzalez,后卫,1994-9-23,,
K,哥伦比亚,17,约翰·莫希卡,Johan Andres Mojica Palacio,后卫,1992-8-21,,
K,哥伦比亚,18,威勒·迪塔,Willer Emilio Ditta Perez,后卫,1998-1-23,,
K,哥伦比亚,22,迪弗·马查多,Deiver Andres Machado Mena,后卫,1993-9-2,,
K,哥伦比亚,23,达文森·桑切斯,Davinson Sanchez Mina,后卫,1996-6-12,,
K,哥伦比亚,5,凯文·卡斯塔尼奥,Kevin Duvan Castano Gil,中场,2000-9-29,,
K,哥伦比亚,6,理查德·里奥斯,Richard Rios Montoya,中场,2000-6-2,,
K,哥伦比亚,8,卡拉斯卡尔,Jorge Andres Carrascal Guardo,中场,1998-5-25,,
K,哥伦比亚,10,哈梅斯·罗德里格斯,James David Rodriguez Rubio,中场,1991-7-12,,
K,哥伦比亚,14,古斯塔沃·普埃尔塔,Gustavo Puerta,中场,2003-7-23,,
K,哥伦比亚,15,波尔蒂利亚,Juan Camilo Portilla Orozco,中场,1998-9-12,,
K,哥伦比亚,16,莱尔马,Jefferson Andres Lerma Solis,中场,1994-10-25,,
K,哥伦比亚,20,胡安·金特罗,Juan Fernando Quintero Paniagua,中场,1993-1-18,,
K,哥伦比亚,21,坎帕斯,Jaminton Leandro Campaz,中场,2000-5-24,,
K,哥伦比亚,7,路易斯·迪亚斯,Luis Fernando Diaz Marulanda,前锋,1997-1-13,,
K,哥伦比亚,9,科尔多瓦,Jhon Cordoba,前锋,1993-5-11,,
K,哥伦比亚,11,阿里亚斯,Jhon Adolfo Arias Andrade,前锋,1997-9-21,,
K,哥伦比亚,19,库乔·埃尔南德斯,Cucho Hernandez,前锋,1999-4-20,,
K,哥伦比亚,25,苏亚雷斯,Luis Javier Suarez Charris,前锋,1997-12-2,,
K,哥伦比亚,26,卡洛斯·戈麦斯,Carlos Andres Gomez Hinestroza,前锋,2002-9-12,,
K,哥伦比亚,1,奥斯皮纳,David Ospina,守门员,1988-8-31,,
K,哥伦比亚,12,卡米洛·巴尔加斯,Camilo Andres Vargas Gil,守门员,1989-3-9,,
K,哥伦比亚,24,阿尔瓦罗·蒙特罗,Alvaro David Montero Perales,守门员,1995-3-29,,
K,民主刚果,2,万·比萨卡,Aaron Wan Bissaka,后卫,1997-11-26,,
K,民主刚果,3,史蒂夫·卡普阿迪,Steve Kapuadi,后卫,1998-4-30,,
K,民主刚果,4,图安泽贝,Axel Tuanzebe,后卫,1997-11-14,,
K,民主刚果,5,巴图宾西卡,Dylan Batubinsika,后卫,1996-2-15,,
K,民主刚果,12,卡延贝,Joris Kayembe Ditu Joris Ditu,后卫,1994-8-8,,
K,民主刚果,22,姆本巴,Chancel Mbemba Mangulu,后卫,1994-8-8,,
K,民主刚果,24,盖迪恩·卡卢卢,Gedeon Kalulu,后卫,1997-8-29,,
K,民主刚果,26,马苏亚库,Fuka Arthur Masuaku,后卫,1993-11-7,,
K,民主刚果,6,穆考,Ngal Ayel Mukau,中场,2004-11-3,,
K,民主刚果,8,穆图萨米,Samuel Moutoussamy,中场,1996-8-12,,
K,民主刚果,11,卡库塔,Gael Kakuta,中场,1991-6-21,,
K,民主刚果,14,诺亚·萨迪基,Noah Sadiki,中场,2004-12-17,,
K,民主刚果,15,齐博拉,Aaron Tshibola,中场,1995-1-2,,
K,民主刚果,18,皮克尔,Charles Pickel,中场,1997-5-15,,
K,民主刚果,25,卡延贝,Edo Kayembe,中场,1998-6-3,,
K,民主刚果,7,姆布库,Nathanael Mbuku,前锋,2002-3-16,,
K,民主刚果,9,布瑞恩·奇彭加,Brian Cipenga,前锋,1998-3-11,,
K,民主刚果,10,邦贡达,Theo Bongonda,前锋,1995-11-20,,
K,民主刚果,13,梅沙克·埃利亚,Meschack Elia Lina,前锋,1997-8-6,,
K,民主刚果,17,巴坎布,Cedric Bakambu,前锋,1991-4-11,,
K,民主刚果,19,菲斯顿·马耶勒,Fiston Mayele,前锋,1994-6-24,,
K,民主刚果,20,维萨,Yoane Wissa,前锋,1996-9-3,,
K,民主刚果,23,西蒙·班扎,Simon Bokote Banza,前锋,1996-8-13,,
K,民主刚果,1,莱昂内尔·姆帕西,,守门员,1994-8-1,,
K,民主刚果,16,蒂莫西·法尤鲁,Timothy Fayulu,守门员,1999-7-24,,
K,民主刚果,21,马修·埃波洛,Matthieu Epolo,守门员,2005-1-15,,
K,葡萄牙,2,塞梅多,Nelson Cabral Semedo,后卫,1993-11-16,,
K,葡萄牙,3,鲁本·迪亚斯,Ruben Santos Gato Alves Dias,后卫,1997-5-14,,
K,葡萄牙,4,托马斯·阿劳霍,Tomas Lemos Araujo,后卫,2002-5-16,,
K,葡萄牙,5,达洛特,Jose Diogo Dalot Teixeira,后卫,1999-3-18,,
K,葡萄牙,13,雷纳托·韦加,Renato Palma Veiga,后卫,2003-7-29,,
K,葡萄牙,14,贡萨洛·伊纳西奥,Goncalo Bernardo Inacio,后卫,2001-8-25,,
K,葡萄牙,20,坎塞洛,Joao Pedro Cavaco Cancelo,后卫,1994-5-27,,
K,葡萄牙,25,努诺·门德斯,Nuno Alexandre Tavares Mendes,后卫,2002-6-19,,
K,葡萄牙,6,努内斯,Matheus Luiz Nunes,中场,1998-8-27,,
K,葡萄牙,8,布鲁诺·费尔南德斯,Bruno Miguel Borges Fernandes,中场,1994-9-8,,
K,葡萄牙,10,贝尔纳多·席尔瓦,,中场,1994-8-10,,
K,葡萄牙,15,若昂·内维斯,Joao Pedro Goncalves Neves,中场,2004-9-27,,
K,葡萄牙,21,鲁本·内维斯,Ruben Diogo Da Silva Neves,中场,1997-3-13,,
K,葡萄牙,23,维蒂尼亚,,中场,2000-2-13,,
K,葡萄牙,24,萨穆·科斯塔,Samuel Almeida Costa,中场,2000-11-27,,
K,葡萄牙,7,克里斯蒂亚诺·罗纳尔多,,前锋,1985-2-5,,
K,葡萄牙,9,贡萨洛·拉莫斯,Goncalo Matias Ramos,前锋,2001-6-20,,
K,葡萄牙,11,菲利克斯,Joao Felix Sequeira,前锋,1999-11-10,,
K,葡萄牙,16,特林康,,前锋,1999-12-29,,
K,葡萄牙,17,莱奥,Rafael Leao,前锋,1999-6-10,,
K,葡萄牙,18,佩德罗·内托,Pedro Lomba Neto,前锋,2000-3-9,,
K,葡萄牙,19,贡萨洛·格德斯,Goncalo Manuel Ganchinho Guedes,前锋,1996-11-29,,
K,葡萄牙,26,弗朗西斯科·孔塞桑,,前锋,2002-12-14,,
K,葡萄牙,1,迪奥戈·科斯塔,Diogo Meireles Costa,守门员,1999-9-19,,
K,葡萄牙,12,若泽·萨,,守门员,1993-1-17,,
K,葡萄牙,22,鲁伊·席尔瓦,,守门员,1994-2-7,,
L,克罗地亚,2,斯坦尼西奇,Josip Stanisic,后卫,2000-4-2,,
L,克罗地亚,3,庞格拉契奇,Marin Pongracic,后卫,1997-9-11,,
L,克罗地亚,4,格瓦迪奥尔,Josko Gvardiol,后卫,2002-1-23,,
L,克罗地亚,5,卡莱塔·卡尔,,后卫,1996-9-17,,
L,克罗地亚,6,约瑟普·舒塔洛,Josip Sutalo,后卫,2000-2-28,,
L,克罗地亚,22,卢卡·武什科维奇,Luka Vuskovic,后卫,2007-2-24,,
L,克罗地亚,25,埃尔利奇,Martin Erlic,后卫,1998-1-24,,
L,克罗地亚,7,尼古拉·莫罗,Nikola Moro,中场,1998-3-12,,
L,克罗地亚,8,科瓦契奇,Mateo Kovacic,中场,1994-5-6,,
L,克罗地亚,10,莫德里奇,Luka Modric,中场,1985-9-9,,
L,克罗地亚,13,尼古拉·弗拉西奇,Nikola Vlasic,中场,1997-10-4,,
L,克罗地亚,15,马里奥·帕萨利奇,Mario Pasalic,中场,1995-2-9,,
L,克罗地亚,16,马丁·巴图里纳,Martin Baturina,中场,2003-2-16,,
L,克罗地亚,17,佩塔尔·苏契奇,Petar Sucic,中场,2003-10-25,,
L,克罗地亚,18,克里斯蒂安·贾基奇,Kristijan Jakic,中场,1997-5-14,,
L,克罗地亚,19,托尼·弗鲁克,Toni Fruk,中场,2001-3-9,,
L,克罗地亚,21,卢卡·苏契奇,Luka Sucic,中场,2002-9-8,,
L,克罗地亚,9,克拉马里奇,Andrej Kramaric,前锋,1991-6-19,,
L,克罗地亚,11,布迪米尔,Ante Budimir,前锋,1991-7-22,,
L,克罗地亚,14,伊万·佩里西奇,Ivan Perisic,前锋,1989-2-2,,
L,克罗地亚,20,伊戈尔·马塔诺维奇,Igor Matanovic,前锋,2003-3-31,,
L,克罗地亚,24,马尔科·帕沙利奇,Marco Pasalic,前锋,2000-9-14,,
L,克罗地亚,26,皮特·穆萨,Petar Musa,前锋,1998-3-4,,
L,克罗地亚,1,多米尼克·利瓦科维奇,Dominik Livakovic,守门员,1995-1-9,,
L,克罗地亚,12,潘杜尔,Ivor Pandur,守门员,2000-3-25,,
L,克罗地亚,23,多米尼克·科塔尔斯基,Dominik Kotarski,守门员,2000-2-10,,
L,加纳,2,阿里杜·塞杜,Alidu Seidu,后卫,2000-6-4,,
L,加纳,4,乔纳斯·阿杰蒂,Jonas Adjetey,后卫,2003-12-13,,
L,加纳,6,阿卜杜勒·穆明,Abdul Mumin,后卫,1998-6-6,,
L,加纳,14,吉迪翁·门萨,Gideon Mensah,后卫,1998-7-18,,
L,加纳,17,拉赫曼,Abdul Rahman Baba,后卫,1994-7-2,,
L,加纳,18,杰罗姆·奥波库,Jerome Opoku,后卫,1998-10-14,,
L,加纳,21,科乔·奥蓬,Kojo Peprah Oppong,后卫,2004-6-4,,
L,加纳,23,德里克·卢卡森,Derrick Luckassen,后卫,1995-7-3,,
L,加纳,26,马文·塞纳亚,Marvin Senaya,后卫,2001-1-28,,
L,加纳,3,迦勒·伊连基,Caleb Yirenkyi,中场,2006-1-15,,
L,加纳,5,托马斯·帕尔特伊,Thomas Teye Partey,中场,1993-6-13,,
L,加纳,8,夸西·西波,Kwasi Sibo,中场,1998-6-24,,
L,加纳,15,伊莱沙·奥乌苏,Elisha Owusu,中场,1997-11-7,,
L,加纳,22,卡迈勒丁·苏莱曼纳,Kamaldeen Sulemana,中场,2002-2-15,,
L,加纳,7,法塔武,Abdul Fatawu Issahaku,前锋,2004-3-8,,
L,加纳,9,乔丹·阿尤,Jordan Pierre Ayew,前锋,1991-9-11,,
L,加纳,10,布兰登·阿桑特,Brandon Thomas Asante,前锋,1998-12-29,,
L,加纳,11,安托万·塞梅尼奥,Antoine Semenyo,前锋,2000-1-7,,
L,加纳,13,克里斯托弗·巴阿,Christopher Bonsu Baah,前锋,2004-12-14,,
L,加纳,19,伊尼亚基·威廉斯,Inaki Williams Dannis,前锋,1994-6-15,,
L,加纳,20,奥古斯丁·博阿凯,Augustine Boakye,前锋,2000-11-3,,
L,加纳,24,欧内斯特·努瓦马,Ernest Appiah Nuamah,前锋,2003-11-1,,
L,加纳,25,夸贝纳·阿杜,Prince Kwabena Adu,前锋,2003-9-23,,
L,加纳,1,劳伦斯·阿蒂齐吉,Lawrence Ati Zigi,守门员,1996-11-29,,
L,加纳,12,约瑟夫·阿南,Joseph Tetteh Anang,守门员,2000-6-8,,
L,加纳,16,本杰明·阿萨雷,Benjamin Asare,守门员,1992-7-13,,
L,巴拿马,2,塞萨尔·布莱克曼,Cesar Blackman,后卫,1998-4-2,,
L,巴拿马,3,何塞·科尔多瓦,Jose Cordoba,后卫,2001-6-3,,
L,巴拿马,4,菲德尔·埃斯科瓦尔,Fidel Escobar Mendieta,后卫,1995-1-9,,
L,巴拿马,5,埃德加·法里尼亚,Edgardo Farina,后卫,2001-10-19,,
L,巴拿马,13,希奥瓦尼·拉莫斯,Jiovany Ramos,后卫,1997-1-26,,
L,巴拿马,15,埃里克·戴维斯,Eric Davis,后卫,1991-3-31,,
L,巴拿马,16,安德烈斯·安德拉德,Andres Alberto Andrade Cedeno,后卫,1998-10-16,,
L,巴拿马,23,穆里略,Michael Amir Murillo Bermudez,后卫,1996-2-11,,
L,巴拿马,25,罗德里克·米勒,Roderick Alonso Miller Molina,后卫,1992-4-3,,
L,巴拿马,26,豪尔赫·古铁雷斯,Jorge Abdiel Gutierrez Cornejo,后卫,1998-9-1,,
L,巴拿马,6,克里斯蒂安·马丁内斯,Christian Jesus Martinez,中场,1997-2-6,,
L,巴拿马,7,何塞·罗德里格斯,,中场,1998-6-19,,
L,巴拿马,8,卡拉斯基利亚,Adalberto Eliecer Carrasquilla Alcazar,中场,1998-11-28,,
L,巴拿马,10,伊斯梅尔·迪亚斯,Ismael Diaz De Leon,中场,1997-5-12,,
L,巴拿马,11,乔尔·巴尔塞纳斯,Edgar Joel Barcenas Herrera,中场,1993-10-23,,
L,巴拿马,14,卡洛斯·哈维,Carlos Miguel Harvey Cesneros,中场,2000-2-3,,
L,巴拿马,19,乔纳森·昆特罗,Jonathan Alberto Quintero Quintana,中场,1995-3-17,,
L,巴拿马,20,阿尼巴尔·戈多伊,Anibal Godoy,中场,1990-2-10,,
L,巴拿马,21,塞萨尔·亚尼斯,Cesar Yanis,中场,1996-1-28,,
L,巴拿马,9,托马斯·罗德里格斯,Tomas Abdiel Rodriguez Mena,前锋,1999-3-9,,
L,巴拿马,17,何塞·法哈多,Jose Fajardo Nelson,前锋,1993-8-18,,
L,巴拿马,18,塞西利奥·沃特曼,Cecilio Alfonso Waterman Ruiz,前锋,1991-4-13,,
L,巴拿马,24,阿扎里亚斯·隆多尼奥,Azarias Londono,前锋,2001-6-21,,
L,巴拿马,1,路易斯·梅西亚,Luis Mejia,守门员,1991-3-16,,
L,巴拿马,12,塞萨尔·萨穆迪奥,Cesar Jair Samudio Murillo,守门员,1994-2-23,,
L,巴拿马,22,奥兰多·莫斯克拉,Orlando Mosquera,守门员,1994-12-25,,
L,英格兰,2,孔萨,Ezri Konsa Ngoyo,后卫,1997-10-23,,
L,英格兰,5,斯通斯,John Stones,后卫,1994-5-28,,
L,英格兰,6,马克·格伊,Marc Guehi,后卫,2000-7-13,,
L,英格兰,12,利夫拉门托,Valentino Francisco Livramento,后卫,2002-11-12,,
L,英格兰,15,丹·伯恩,Daniel Johnson Burn,后卫,1992-5-9,,
L,英格兰,24,里斯·詹姆斯,Reece James,后卫,1999-12-8,,
L,英格兰,25,杰德·斯宾塞,Djed Spence,后卫,2000-8-9,,
L,英格兰,26,贾雷尔·宽萨,Jarell Quansah,后卫,2003-1-29,,
L,英格兰,3,尼科·奥赖利,,中场,2005-3-21,,
L,英格兰,4,德克兰·赖斯,Declan Rice,中场,1999-1-14,,
L,英格兰,8,埃利奥特·安德森,Elliot Anderson,中场,2002-11-6,,
L,英格兰,10,贝林厄姆,Jude Bellingham,中场,2003-6-29,,
L,英格兰,14,亨德森,Jordan Henderson,中场,1990-6-17,,
L,英格兰,16,科比·梅努,Kobbie Mainoo,中场,2005-4-19,,
L,英格兰,21,埃泽,Eberechi Eze,中场,1998-6-29,,
L,英格兰,7,萨卡,Bukayo Saka,前锋,2001-9-5,,
L,英格兰,9,哈里·凯恩,Harry Kane,前锋,1993-7-28,,
L,英格兰,11,拉什福德,Marcus Rashford,前锋,1997-10-31,,
L,英格兰,17,摩根·罗杰斯,Morgan Rogers,前锋,2002-7-26,,
L,英格兰,18,戈登,Anthony Gordon,前锋,2001-2-24,,
L,英格兰,19,沃特金斯,Ollie Watkins,前锋,1995-12-30,,
L,英格兰,20,马杜埃凯,Noni Madueke,前锋,2002-3-10,,
L,英格兰,22,伊万·托尼,Ivan Toney,前锋,1996-3-16,,
L,英格兰,1,皮克福德,Jordan Lee Pickford,守门员,1994-3-7,,
L,英格兰,13,迪安·亨德森,Dean Henderson,守门员,1997-3-12,,
L,英格兰,23,特拉福德,James Trafford,守门员,2002-10-10,,
